電影名稱,影城,日期,時間,廳位席位
小丑：雙重瘋狂,台北長春國賓影城,2024/10/02,11:00,A廳 396席
小丑：雙重瘋狂,台北長春國賓影城,2024/10/02,11:40,1廳 145席
小丑：雙重瘋狂,台北長春國賓影城,2024/10/02,12:20,9廳 98席
小丑：雙重瘋狂,台北長春國賓影城,2024/10/02,13:00,2廳 49席
小丑：雙重瘋狂,台北長春國賓影城,2024/10/02,13:40,A廳 396席
小丑：雙重瘋狂,台北長春國賓影城,2024/10/02,14:20,1廳 145席
小丑：雙重瘋狂,台北長春國賓影城,2024/10/02,15:00,9廳 98席
小丑：雙重瘋狂,台北長春國賓影城,2024/10/02,15:40,2廳 49席
小丑：雙重瘋狂,台北長春國賓影城,2024/10/02,16:20,A廳 396席
小丑：雙重瘋狂,台北長春國賓影城,2024/10/02,17:00,1廳 145席
小丑：雙重瘋狂,台北長春國賓影城,2024/10/02,17:40,9廳 98席
小丑：雙重瘋狂,台北長春國賓影城,2024/10/02,18:20,2廳 49席
小丑：雙重瘋狂,台北長春國賓影城,2024/10/02,19:00,A廳 396席
小丑：雙重瘋狂,台北長春國賓影城,2024/10/02,19:40,1廳 145席
小丑：雙重瘋狂,台北長春國賓影城,2024/10/02,20:20,9廳 98席
小丑：雙重瘋狂,台北長春國賓影城,2024/10/02,21:00,2廳 49席
小丑：雙重瘋狂,台北長春國賓影城,2024/10/02,21:40,A廳 396席
小丑：雙重瘋狂,台北長春國賓影城,2024/10/02,22:20,1廳 145席
小丑：雙重瘋狂,台北長春國賓影城,2024/10/02,23:00,9廳 98席
小丑：雙重瘋狂,林口昕境國賓影城,2024/10/02,14:30,7廳 196席
小丑：雙重瘋狂,林口昕境國賓影城,2024/10/02,15:20,A廳 50席
小丑：雙重瘋狂,林口昕境國賓影城,2024/10/02,17:10,7廳 196席
小丑：雙重瘋狂,林口昕境國賓影城,2024/10/02,18:00,A廳 50席
小丑：雙重瘋狂,林口昕境國賓影城,2024/10/02,19:50,7廳 196席
小丑：雙重瘋狂,林口昕境國賓影城,2024/10/02,20:40,A廳 50席
小丑：雙重瘋狂,林口昕境國賓影城,2024/10/02,22:30,7廳 196席
小丑：雙重瘋狂,林口昕境國賓影城,2024/10/02,13:40,2廳 192席
小丑：雙重瘋狂,林口昕境國賓影城,2024/10/02,16:20,2廳 192席
小丑：雙重瘋狂,林口昕境國賓影城,2024/10/02,19:00,2廳 192席
小丑：雙重瘋狂,林口昕境國賓影城,2024/10/02,21:40,2廳 192席
小丑：雙重瘋狂,國賓大戲院,2024/10/02,12:30,2廳 97席
小丑：雙重瘋狂,國賓大戲院,2024/10/02,15:00,2廳 97席
小丑：雙重瘋狂,國賓大戲院,2024/10/02,20:00,2廳 97席
小丑：雙重瘋狂,國賓大戲院,2024/10/02,21:00,3廳 102席
小丑：雙重瘋狂,國賓大戲院,2024/10/02,10:40,鉅院廳 745席
小丑：雙重瘋狂,國賓大戲院,2024/10/02,14:00,鉅院廳 745席
小丑：雙重瘋狂,國賓大戲院,2024/10/02,16:40,鉅院廳 745席
小丑：雙重瘋狂,國賓大戲院,2024/10/02,19:20,鉅院廳 745席
小丑：雙重瘋狂,國賓大戲院,2024/10/02,22:00,鉅院廳 745席
小丑：雙重瘋狂,淡水禮萊國賓影城,2024/10/02,13:40,1廳 163席
小丑：雙重瘋狂,淡水禮萊國賓影城,2024/10/02,14:30,2廳 163席
小丑：雙重瘋狂,淡水禮萊國賓影城,2024/10/02,15:20,8廳 98席
小丑：雙重瘋狂,淡水禮萊國賓影城,2024/10/02,16:20,1廳 163席
小丑：雙重瘋狂,淡水禮萊國賓影城,2024/10/02,17:10,2廳 163席
小丑：雙重瘋狂,淡水禮萊國賓影城,2024/10/02,18:00,8廳 98席
小丑：雙重瘋狂,淡水禮萊國賓影城,2024/10/02,19:00,1廳 163席
小丑：雙重瘋狂,淡水禮萊國賓影城,2024/10/02,19:50,2廳 163席
小丑：雙重瘋狂,淡水禮萊國賓影城,2024/10/02,20:40,8廳 98席
小丑：雙重瘋狂,淡水禮萊國賓影城,2024/10/02,21:40,1廳 163席
小丑：雙重瘋狂,淡水禮萊國賓影城,2024/10/02,22:30,2廳 163席
小丑：雙重瘋狂,新莊晶冠國賓影城,2024/10/02,10:50,8廳 75席
小丑：雙重瘋狂,新莊晶冠國賓影城,2024/10/02,11:50,11廳 75席
小丑：雙重瘋狂,新莊晶冠國賓影城,2024/10/02,13:00,5廳 76席
小丑：雙重瘋狂,新莊晶冠國賓影城,2024/10/02,13:30,8廳 75席
小丑：雙重瘋狂,新莊晶冠國賓影城,2024/10/02,14:00,3廳 75席
小丑：雙重瘋狂,新莊晶冠國賓影城,2024/10/02,14:40,11廳 75席
小丑：雙重瘋狂,新莊晶冠國賓影城,2024/10/02,15:40,5廳 76席
小丑：雙重瘋狂,新莊晶冠國賓影城,2024/10/02,16:10,8廳 75席
小丑：雙重瘋狂,新莊晶冠國賓影城,2024/10/02,16:40,3廳 75席
小丑：雙重瘋狂,新莊晶冠國賓影城,2024/10/02,17:20,11廳 75席
小丑：雙重瘋狂,新莊晶冠國賓影城,2024/10/02,18:20,5廳 76席
小丑：雙重瘋狂,新莊晶冠國賓影城,2024/10/02,18:50,8廳 75席
小丑：雙重瘋狂,新莊晶冠國賓影城,2024/10/02,19:20,3廳 75席
小丑：雙重瘋狂,新莊晶冠國賓影城,2024/10/02,20:00,11廳 75席
小丑：雙重瘋狂,新莊晶冠國賓影城,2024/10/02,21:00,5廳 76席
小丑：雙重瘋狂,新莊晶冠國賓影城,2024/10/02,21:30,8廳 75席
小丑：雙重瘋狂,新莊晶冠國賓影城,2024/10/02,22:00,3廳 75席
小丑：雙重瘋狂,新莊晶冠國賓影城,2024/10/02,22:40,11廳 75席
小丑：雙重瘋狂,新莊晶冠國賓影城,2024/10/02,12:30,B廳 31席
小丑：雙重瘋狂,新莊晶冠國賓影城,2024/10/02,15:10,B廳 31席
小丑：雙重瘋狂,新莊晶冠國賓影城,2024/10/02,17:50,B廳 31席
小丑：雙重瘋狂,新莊晶冠國賓影城,2024/10/02,20:30,B廳 31席
小丑：雙重瘋狂,八德廣豐國賓影城,2024/10/02,12:40,7廳 225席
小丑：雙重瘋狂,八德廣豐國賓影城,2024/10/02,15:20,7廳 225席
小丑：雙重瘋狂,八德廣豐國賓影城,2024/10/02,18:00,7廳 225席
小丑：雙重瘋狂,八德廣豐國賓影城,2024/10/02,20:40,7廳 225席
小丑：雙重瘋狂,八德廣豐國賓影城,2024/10/02,11:00,2廳 223席
小丑：雙重瘋狂,八德廣豐國賓影城,2024/10/02,11:50,3廳 203席
小丑：雙重瘋狂,八德廣豐國賓影城,2024/10/02,13:40,2廳 223席
小丑：雙重瘋狂,八德廣豐國賓影城,2024/10/02,14:30,3廳 203席
小丑：雙重瘋狂,八德廣豐國賓影城,2024/10/02,16:20,2廳 223席
小丑：雙重瘋狂,八德廣豐國賓影城,2024/10/02,17:10,3廳 203席
小丑：雙重瘋狂,八德廣豐國賓影城,2024/10/02,19:00,2廳 223席
小丑：雙重瘋狂,八德廣豐國賓影城,2024/10/02,19:50,3廳 203席
小丑：雙重瘋狂,八德廣豐國賓影城,2024/10/02,21:40,2廳 223席
小丑：雙重瘋狂,八德廣豐國賓影城,2024/10/02,22:30,3廳 203席
小丑：雙重瘋狂,台南國賓影城,2024/10/02,11:00,A廳 495席
小丑：雙重瘋狂,台南國賓影城,2024/10/02,12:00,E廳 202席
小丑：雙重瘋狂,台南國賓影城,2024/10/02,13:00,2廳 27席
小丑：雙重瘋狂,台南國賓影城,2024/10/02,13:40,A廳 495席
小丑：雙重瘋狂,台南國賓影城,2024/10/02,14:20,6廳 168席
小丑：雙重瘋狂,台南國賓影城,2024/10/02,15:00,E廳 202席
小丑：雙重瘋狂,台南國賓影城,2024/10/02,15:40,2廳 27席
小丑：雙重瘋狂,台南國賓影城,2024/10/02,16:20,A廳 495席
小丑：雙重瘋狂,台南國賓影城,2024/10/02,17:00,6廳 168席
小丑：雙重瘋狂,台南國賓影城,2024/10/02,17:40,E廳 202席
小丑：雙重瘋狂,台南國賓影城,2024/10/02,18:20,2廳 27席
小丑：雙重瘋狂,台南國賓影城,2024/10/02,19:00,A廳 495席
小丑：雙重瘋狂,台南國賓影城,2024/10/02,19:40,6廳 168席
小丑：雙重瘋狂,台南國賓影城,2024/10/02,20:20,E廳 202席
小丑：雙重瘋狂,台南國賓影城,2024/10/02,21:00,2廳 27席
小丑：雙重瘋狂,台南國賓影城,2024/10/02,21:40,A廳 495席
小丑：雙重瘋狂,台南國賓影城,2024/10/02,22:20,6廳 168席
小丑：雙重瘋狂,台南國賓影城,2024/10/02,23:00,E廳 202席
小丑：雙重瘋狂,高雄草衙道國賓影城,2024/10/02,15:20,7廳 149席
小丑：雙重瘋狂,高雄草衙道國賓影城,2024/10/02,18:00,7廳 149席
小丑：雙重瘋狂,高雄草衙道國賓影城,2024/10/02,19:40,2廳 187席
小丑：雙重瘋狂,高雄草衙道國賓影城,2024/10/02,21:00,7廳 149席
小丑：雙重瘋狂,高雄草衙道國賓影城,2024/10/02,22:15,2廳 187席
小丑：雙重瘋狂,高雄草衙道國賓影城,2024/10/02,13:40,9廳 203席
小丑：雙重瘋狂,高雄草衙道國賓影城,2024/10/02,14:30,10廳 203席
小丑：雙重瘋狂,高雄草衙道國賓影城,2024/10/02,16:20,9廳 203席
小丑：雙重瘋狂,高雄草衙道國賓影城,2024/10/02,17:10,10廳 203席
小丑：雙重瘋狂,高雄草衙道國賓影城,2024/10/02,19:00,9廳 203席
小丑：雙重瘋狂,高雄草衙道國賓影城,2024/10/02,20:20,10廳 203席
小丑：雙重瘋狂,高雄草衙道國賓影城,2024/10/02,21:40,9廳 203席
小丑：雙重瘋狂,高雄義大國賓影城,2024/10/02,13:40,8廳 346席
小丑：雙重瘋狂,高雄義大國賓影城,2024/10/02,14:30,6廳 252席
小丑：雙重瘋狂,高雄義大國賓影城,2024/10/02,16:20,8廳 346席
小丑：雙重瘋狂,高雄義大國賓影城,2024/10/02,17:10,6廳 252席
小丑：雙重瘋狂,高雄義大國賓影城,2024/10/02,19:00,8廳 346席
小丑：雙重瘋狂,高雄義大國賓影城,2024/10/02,19:40,1廳 144席
小丑：雙重瘋狂,高雄義大國賓影城,2024/10/02,20:20,6廳 252席
小丑：雙重瘋狂,高雄義大國賓影城,2024/10/02,21:40,8廳 346席
小丑：雙重瘋狂,高雄義大國賓影城,2024/10/02,22:30,7廳 186席
小丑：雙重瘋狂,高雄義大國賓影城,2024/10/02,15:20,A廳 33席
小丑：雙重瘋狂,高雄義大國賓影城,2024/10/02,18:00,A廳 33席
小丑：雙重瘋狂,高雄義大國賓影城,2024/10/02,21:00,A廳 33席
小丑：雙重瘋狂,屏東環球國賓影城,2024/10/02,10:40,1廳 208席
小丑：雙重瘋狂,屏東環球國賓影城,2024/10/02,11:50,3廳 217席
小丑：雙重瘋狂,屏東環球國賓影城,2024/10/02,13:20,1廳 208席
小丑：雙重瘋狂,屏東環球國賓影城,2024/10/02,14:30,3廳 217席
小丑：雙重瘋狂,屏東環球國賓影城,2024/10/02,16:00,1廳 208席
小丑：雙重瘋狂,屏東環球國賓影城,2024/10/02,17:10,3廳 217席
小丑：雙重瘋狂,屏東環球國賓影城,2024/10/02,19:00,1廳 208席
小丑：雙重瘋狂,屏東環球國賓影城,2024/10/02,19:50,3廳 217席
小丑：雙重瘋狂,屏東環球國賓影城,2024/10/02,20:40,5廳 181席
小丑：雙重瘋狂,屏東環球國賓影城,2024/10/02,21:40,1廳 208席
小丑：雙重瘋狂,屏東環球國賓影城,2024/10/02,22:30,3廳 217席
小丑：雙重瘋狂,金門昇恆昌國賓影城,2024/10/02,14:40,2廳 131席
小丑：雙重瘋狂,金門昇恆昌國賓影城,2024/10/02,16:00,5廳 118席
小丑：雙重瘋狂,金門昇恆昌國賓影城,2024/10/02,17:20,2廳 131席
小丑：雙重瘋狂,金門昇恆昌國賓影城,2024/10/02,18:40,5廳 118席
小丑：雙重瘋狂,金門昇恆昌國賓影城,2024/10/02,20:10,2廳 131席
小丑：雙重瘋狂,台北長春國賓影城,2024/10/03,11:00,A廳 396席
小丑：雙重瘋狂,台北長春國賓影城,2024/10/03,11:40,1廳 145席
小丑：雙重瘋狂,台北長春國賓影城,2024/10/03,12:20,9廳 98席
小丑：雙重瘋狂,台北長春國賓影城,2024/10/03,13:00,2廳 49席
小丑：雙重瘋狂,台北長春國賓影城,2024/10/03,13:40,A廳 396席
小丑：雙重瘋狂,台北長春國賓影城,2024/10/03,14:20,1廳 145席
小丑：雙重瘋狂,台北長春國賓影城,2024/10/03,15:00,9廳 98席
小丑：雙重瘋狂,台北長春國賓影城,2024/10/03,15:40,2廳 49席
小丑：雙重瘋狂,台北長春國賓影城,2024/10/03,16:20,A廳 396席
小丑：雙重瘋狂,台北長春國賓影城,2024/10/03,17:00,1廳 145席
小丑：雙重瘋狂,台北長春國賓影城,2024/10/03,17:40,9廳 98席
小丑：雙重瘋狂,台北長春國賓影城,2024/10/03,18:20,2廳 49席
小丑：雙重瘋狂,台北長春國賓影城,2024/10/03,19:00,A廳 396席
小丑：雙重瘋狂,台北長春國賓影城,2024/10/03,19:40,1廳 145席
小丑：雙重瘋狂,台北長春國賓影城,2024/10/03,20:20,9廳 98席
小丑：雙重瘋狂,台北長春國賓影城,2024/10/03,21:00,2廳 49席
小丑：雙重瘋狂,台北長春國賓影城,2024/10/03,21:40,A廳 396席
小丑：雙重瘋狂,台北長春國賓影城,2024/10/03,22:20,1廳 145席
小丑：雙重瘋狂,台北長春國賓影城,2024/10/03,23:00,9廳 98席
小丑：雙重瘋狂,林口昕境國賓影城,2024/10/03,14:30,7廳 196席
小丑：雙重瘋狂,林口昕境國賓影城,2024/10/03,15:20,A廳 50席
小丑：雙重瘋狂,林口昕境國賓影城,2024/10/03,17:10,7廳 196席
小丑：雙重瘋狂,林口昕境國賓影城,2024/10/03,18:00,A廳 50席
小丑：雙重瘋狂,林口昕境國賓影城,2024/10/03,19:50,7廳 196席
小丑：雙重瘋狂,林口昕境國賓影城,2024/10/03,20:40,A廳 50席
小丑：雙重瘋狂,林口昕境國賓影城,2024/10/03,22:30,7廳 196席
小丑：雙重瘋狂,林口昕境國賓影城,2024/10/03,13:40,2廳 192席
小丑：雙重瘋狂,林口昕境國賓影城,2024/10/03,16:20,2廳 192席
小丑：雙重瘋狂,林口昕境國賓影城,2024/10/03,19:00,2廳 192席
小丑：雙重瘋狂,林口昕境國賓影城,2024/10/03,21:40,2廳 192席
小丑：雙重瘋狂,國賓大戲院,2024/10/03,12:30,2廳 97席
小丑：雙重瘋狂,國賓大戲院,2024/10/03,15:00,2廳 97席
小丑：雙重瘋狂,國賓大戲院,2024/10/03,20:00,2廳 97席
小丑：雙重瘋狂,國賓大戲院,2024/10/03,21:00,3廳 102席
小丑：雙重瘋狂,國賓大戲院,2024/10/03,10:40,鉅院廳 745席
小丑：雙重瘋狂,國賓大戲院,2024/10/03,14:00,鉅院廳 745席
小丑：雙重瘋狂,國賓大戲院,2024/10/03,16:40,鉅院廳 745席
小丑：雙重瘋狂,國賓大戲院,2024/10/03,19:20,鉅院廳 745席
小丑：雙重瘋狂,國賓大戲院,2024/10/03,22:00,鉅院廳 745席
小丑：雙重瘋狂,淡水禮萊國賓影城,2024/10/03,13:40,1廳 163席
小丑：雙重瘋狂,淡水禮萊國賓影城,2024/10/03,14:30,2廳 163席
小丑：雙重瘋狂,淡水禮萊國賓影城,2024/10/03,15:20,8廳 98席
小丑：雙重瘋狂,淡水禮萊國賓影城,2024/10/03,16:20,1廳 163席
小丑：雙重瘋狂,淡水禮萊國賓影城,2024/10/03,17:10,2廳 163席
小丑：雙重瘋狂,淡水禮萊國賓影城,2024/10/03,18:00,8廳 98席
小丑：雙重瘋狂,淡水禮萊國賓影城,2024/10/03,19:00,1廳 163席
小丑：雙重瘋狂,淡水禮萊國賓影城,2024/10/03,19:50,2廳 163席
小丑：雙重瘋狂,淡水禮萊國賓影城,2024/10/03,20:40,8廳 98席
小丑：雙重瘋狂,淡水禮萊國賓影城,2024/10/03,21:40,1廳 163席
小丑：雙重瘋狂,淡水禮萊國賓影城,2024/10/03,22:30,2廳 163席
小丑：雙重瘋狂,新莊晶冠國賓影城,2024/10/03,10:50,8廳 75席
小丑：雙重瘋狂,新莊晶冠國賓影城,2024/10/03,11:50,11廳 75席
小丑：雙重瘋狂,新莊晶冠國賓影城,2024/10/03,13:00,5廳 76席
小丑：雙重瘋狂,新莊晶冠國賓影城,2024/10/03,13:30,8廳 75席
小丑：雙重瘋狂,新莊晶冠國賓影城,2024/10/03,14:00,3廳 75席
小丑：雙重瘋狂,新莊晶冠國賓影城,2024/10/03,14:40,11廳 75席
小丑：雙重瘋狂,新莊晶冠國賓影城,2024/10/03,15:40,5廳 76席
小丑：雙重瘋狂,新莊晶冠國賓影城,2024/10/03,16:10,8廳 75席
小丑：雙重瘋狂,新莊晶冠國賓影城,2024/10/03,16:40,3廳 75席
小丑：雙重瘋狂,新莊晶冠國賓影城,2024/10/03,17:20,11廳 75席
小丑：雙重瘋狂,新莊晶冠國賓影城,2024/10/03,18:20,5廳 76席
小丑：雙重瘋狂,新莊晶冠國賓影城,2024/10/03,18:50,8廳 75席
小丑：雙重瘋狂,新莊晶冠國賓影城,2024/10/03,19:20,3廳 75席
小丑：雙重瘋狂,新莊晶冠國賓影城,2024/10/03,20:00,11廳 75席
小丑：雙重瘋狂,新莊晶冠國賓影城,2024/10/03,21:00,5廳 76席
小丑：雙重瘋狂,新莊晶冠國賓影城,2024/10/03,21:30,8廳 75席
小丑：雙重瘋狂,新莊晶冠國賓影城,2024/10/03,22:00,3廳 75席
小丑：雙重瘋狂,新莊晶冠國賓影城,2024/10/03,22:40,11廳 75席
小丑：雙重瘋狂,新莊晶冠國賓影城,2024/10/03,12:30,B廳 31席
小丑：雙重瘋狂,新莊晶冠國賓影城,2024/10/03,15:10,B廳 31席
小丑：雙重瘋狂,新莊晶冠國賓影城,2024/10/03,17:50,B廳 31席
小丑：雙重瘋狂,新莊晶冠國賓影城,2024/10/03,20:30,B廳 31席
小丑：雙重瘋狂,八德廣豐國賓影城,2024/10/03,12:40,7廳 225席
小丑：雙重瘋狂,八德廣豐國賓影城,2024/10/03,15:20,7廳 225席
小丑：雙重瘋狂,八德廣豐國賓影城,2024/10/03,18:00,7廳 225席
小丑：雙重瘋狂,八德廣豐國賓影城,2024/10/03,20:40,7廳 225席
小丑：雙重瘋狂,八德廣豐國賓影城,2024/10/03,11:00,2廳 223席
小丑：雙重瘋狂,八德廣豐國賓影城,2024/10/03,11:50,3廳 203席
小丑：雙重瘋狂,八德廣豐國賓影城,2024/10/03,13:40,2廳 223席
小丑：雙重瘋狂,八德廣豐國賓影城,2024/10/03,14:30,3廳 203席
小丑：雙重瘋狂,八德廣豐國賓影城,2024/10/03,16:20,2廳 223席
小丑：雙重瘋狂,八德廣豐國賓影城,2024/10/03,17:10,3廳 203席
小丑：雙重瘋狂,八德廣豐國賓影城,2024/10/03,19:00,2廳 223席
小丑：雙重瘋狂,八德廣豐國賓影城,2024/10/03,19:50,3廳 203席
小丑：雙重瘋狂,八德廣豐國賓影城,2024/10/03,21:40,2廳 223席
小丑：雙重瘋狂,八德廣豐國賓影城,2024/10/03,22:30,3廳 203席
小丑：雙重瘋狂,台南國賓影城,2024/10/03,11:00,A廳 495席
小丑：雙重瘋狂,台南國賓影城,2024/10/03,12:00,E廳 202席
小丑：雙重瘋狂,台南國賓影城,2024/10/03,13:00,2廳 27席
小丑：雙重瘋狂,台南國賓影城,2024/10/03,13:40,A廳 495席
小丑：雙重瘋狂,台南國賓影城,2024/10/03,14:20,6廳 168席
小丑：雙重瘋狂,台南國賓影城,2024/10/03,15:00,E廳 202席
小丑：雙重瘋狂,台南國賓影城,2024/10/03,15:40,2廳 27席
小丑：雙重瘋狂,台南國賓影城,2024/10/03,16:20,A廳 495席
小丑：雙重瘋狂,台南國賓影城,2024/10/03,17:00,6廳 168席
小丑：雙重瘋狂,台南國賓影城,2024/10/03,17:40,E廳 202席
小丑：雙重瘋狂,台南國賓影城,2024/10/03,18:20,2廳 27席
小丑：雙重瘋狂,台南國賓影城,2024/10/03,19:00,A廳 495席
小丑：雙重瘋狂,台南國賓影城,2024/10/03,19:40,6廳 168席
小丑：雙重瘋狂,台南國賓影城,2024/10/03,20:20,E廳 202席
小丑：雙重瘋狂,台南國賓影城,2024/10/03,21:00,2廳 27席
小丑：雙重瘋狂,台南國賓影城,2024/10/03,21:40,A廳 495席
小丑：雙重瘋狂,台南國賓影城,2024/10/03,22:20,6廳 168席
小丑：雙重瘋狂,台南國賓影城,2024/10/03,23:00,E廳 202席
小丑：雙重瘋狂,高雄草衙道國賓影城,2024/10/03,15:20,7廳 149席
小丑：雙重瘋狂,高雄草衙道國賓影城,2024/10/03,18:00,7廳 149席
小丑：雙重瘋狂,高雄草衙道國賓影城,2024/10/03,19:40,2廳 187席
小丑：雙重瘋狂,高雄草衙道國賓影城,2024/10/03,21:00,7廳 149席
小丑：雙重瘋狂,高雄草衙道國賓影城,2024/10/03,22:15,2廳 187席
小丑：雙重瘋狂,高雄草衙道國賓影城,2024/10/03,13:40,9廳 203席
小丑：雙重瘋狂,高雄草衙道國賓影城,2024/10/03,14:30,10廳 203席
小丑：雙重瘋狂,高雄草衙道國賓影城,2024/10/03,16:20,9廳 203席
小丑：雙重瘋狂,高雄草衙道國賓影城,2024/10/03,17:10,10廳 203席
小丑：雙重瘋狂,高雄草衙道國賓影城,2024/10/03,19:00,9廳 203席
小丑：雙重瘋狂,高雄草衙道國賓影城,2024/10/03,20:20,10廳 203席
小丑：雙重瘋狂,高雄草衙道國賓影城,2024/10/03,21:40,9廳 203席
小丑：雙重瘋狂,高雄義大國賓影城,2024/10/03,13:40,8廳 346席
小丑：雙重瘋狂,高雄義大國賓影城,2024/10/03,14:30,6廳 252席
小丑：雙重瘋狂,高雄義大國賓影城,2024/10/03,16:20,8廳 346席
小丑：雙重瘋狂,高雄義大國賓影城,2024/10/03,17:10,6廳 252席
小丑：雙重瘋狂,高雄義大國賓影城,2024/10/03,19:00,8廳 346席
小丑：雙重瘋狂,高雄義大國賓影城,2024/10/03,19:40,1廳 144席
小丑：雙重瘋狂,高雄義大國賓影城,2024/10/03,20:20,6廳 252席
小丑：雙重瘋狂,高雄義大國賓影城,2024/10/03,21:40,8廳 346席
小丑：雙重瘋狂,高雄義大國賓影城,2024/10/03,22:30,7廳 186席
小丑：雙重瘋狂,高雄義大國賓影城,2024/10/03,15:20,A廳 33席
小丑：雙重瘋狂,高雄義大國賓影城,2024/10/03,18:00,A廳 33席
小丑：雙重瘋狂,高雄義大國賓影城,2024/10/03,21:00,A廳 33席
小丑：雙重瘋狂,屏東環球國賓影城,2024/10/03,10:40,1廳 208席
小丑：雙重瘋狂,屏東環球國賓影城,2024/10/03,11:50,3廳 217席
小丑：雙重瘋狂,屏東環球國賓影城,2024/10/03,13:20,1廳 208席
小丑：雙重瘋狂,屏東環球國賓影城,2024/10/03,14:30,3廳 217席
小丑：雙重瘋狂,屏東環球國賓影城,2024/10/03,16:00,1廳 208席
小丑：雙重瘋狂,屏東環球國賓影城,2024/10/03,17:10,3廳 217席
小丑：雙重瘋狂,屏東環球國賓影城,2024/10/03,19:00,1廳 208席
小丑：雙重瘋狂,屏東環球國賓影城,2024/10/03,19:50,3廳 217席
小丑：雙重瘋狂,屏東環球國賓影城,2024/10/03,20:40,5廳 181席
小丑：雙重瘋狂,屏東環球國賓影城,2024/10/03,21:40,1廳 208席
小丑：雙重瘋狂,屏東環球國賓影城,2024/10/03,22:30,3廳 217席
小丑：雙重瘋狂,金門昇恆昌國賓影城,2024/10/03,14:40,2廳 131席
小丑：雙重瘋狂,金門昇恆昌國賓影城,2024/10/03,16:00,5廳 118席
小丑：雙重瘋狂,金門昇恆昌國賓影城,2024/10/03,17:20,2廳 131席
小丑：雙重瘋狂,金門昇恆昌國賓影城,2024/10/03,18:40,5廳 118席
小丑：雙重瘋狂,金門昇恆昌國賓影城,2024/10/03,20:10,2廳 131席
小丑：雙重瘋狂,台北長春國賓影城,2024/10/04,11:00,A廳 396席
小丑：雙重瘋狂,台北長春國賓影城,2024/10/04,13:40,A廳 396席
小丑：雙重瘋狂,台北長春國賓影城,2024/10/04,16:20,A廳 396席
小丑：雙重瘋狂,台北長春國賓影城,2024/10/04,19:00,A廳 396席
小丑：雙重瘋狂,台北長春國賓影城,2024/10/04,21:40,A廳 396席
小丑：雙重瘋狂,林口昕境國賓影城,2024/10/04,13:40,2廳 192席
小丑：雙重瘋狂,林口昕境國賓影城,2024/10/04,16:20,2廳 192席
小丑：雙重瘋狂,林口昕境國賓影城,2024/10/04,19:00,2廳 192席
小丑：雙重瘋狂,林口昕境國賓影城,2024/10/04,21:40,2廳 192席
小丑：雙重瘋狂,國賓大戲院,2024/10/04,10:00,鉅院廳 745席
小丑：雙重瘋狂,國賓大戲院,2024/10/04,12:30,鉅院廳 745席
小丑：雙重瘋狂,國賓大戲院,2024/10/04,15:00,鉅院廳 745席
小丑：雙重瘋狂,國賓大戲院,2024/10/04,17:35,鉅院廳 745席
小丑：雙重瘋狂,國賓大戲院,2024/10/04,20:10,鉅院廳 745席
小丑：雙重瘋狂,國賓大戲院,2024/10/04,22:45,鉅院廳 745席
小丑：雙重瘋狂,淡水禮萊國賓影城,2024/10/04,13:40,1廳 163席
小丑：雙重瘋狂,淡水禮萊國賓影城,2024/10/04,16:20,1廳 163席
小丑：雙重瘋狂,淡水禮萊國賓影城,2024/10/04,19:00,1廳 163席
小丑：雙重瘋狂,淡水禮萊國賓影城,2024/10/04,21:40,1廳 163席
小丑：雙重瘋狂,新莊晶冠國賓影城,2024/10/04,10:50,8廳 75席
小丑：雙重瘋狂,新莊晶冠國賓影城,2024/10/04,13:30,8廳 75席
小丑：雙重瘋狂,新莊晶冠國賓影城,2024/10/04,16:10,8廳 75席
小丑：雙重瘋狂,新莊晶冠國賓影城,2024/10/04,18:50,8廳 75席
小丑：雙重瘋狂,新莊晶冠國賓影城,2024/10/04,21:30,8廳 75席
小丑：雙重瘋狂,新莊晶冠國賓影城,2024/10/04,12:30,B廳 31席
小丑：雙重瘋狂,新莊晶冠國賓影城,2024/10/04,15:10,B廳 31席
小丑：雙重瘋狂,新莊晶冠國賓影城,2024/10/04,17:50,B廳 31席
小丑：雙重瘋狂,新莊晶冠國賓影城,2024/10/04,20:30,B廳 31席
小丑：雙重瘋狂,八德廣豐國賓影城,2024/10/04,11:00,2廳 223席
小丑：雙重瘋狂,八德廣豐國賓影城,2024/10/04,13:40,2廳 223席
小丑：雙重瘋狂,八德廣豐國賓影城,2024/10/04,16:20,2廳 223席
小丑：雙重瘋狂,八德廣豐國賓影城,2024/10/04,19:00,2廳 223席
小丑：雙重瘋狂,八德廣豐國賓影城,2024/10/04,21:40,2廳 223席
小丑：雙重瘋狂,台南國賓影城,2024/10/04,11:00,A廳 495席
小丑：雙重瘋狂,台南國賓影城,2024/10/04,13:40,A廳 495席
小丑：雙重瘋狂,台南國賓影城,2024/10/04,16:20,A廳 495席
小丑：雙重瘋狂,台南國賓影城,2024/10/04,19:00,A廳 495席
小丑：雙重瘋狂,台南國賓影城,2024/10/04,21:40,A廳 495席
小丑：雙重瘋狂,高雄草衙道國賓影城,2024/10/04,13:40,9廳 203席
小丑：雙重瘋狂,高雄草衙道國賓影城,2024/10/04,16:20,9廳 203席
小丑：雙重瘋狂,高雄草衙道國賓影城,2024/10/04,19:00,9廳 203席
小丑：雙重瘋狂,高雄草衙道國賓影城,2024/10/04,21:40,9廳 203席
小丑：雙重瘋狂,高雄義大國賓影城,2024/10/04,13:40,8廳 346席
小丑：雙重瘋狂,高雄義大國賓影城,2024/10/04,16:20,8廳 346席
小丑：雙重瘋狂,高雄義大國賓影城,2024/10/04,19:00,8廳 346席
小丑：雙重瘋狂,高雄義大國賓影城,2024/10/04,21:40,8廳 346席
小丑：雙重瘋狂,屏東環球國賓影城,2024/10/04,10:40,1廳 208席
小丑：雙重瘋狂,屏東環球國賓影城,2024/10/04,13:20,1廳 208席
小丑：雙重瘋狂,屏東環球國賓影城,2024/10/04,16:00,1廳 208席
小丑：雙重瘋狂,屏東環球國賓影城,2024/10/04,19:00,1廳 208席
小丑：雙重瘋狂,屏東環球國賓影城,2024/10/04,21:40,1廳 208席
小丑：雙重瘋狂,金門昇恆昌國賓影城,2024/10/04,14:40,2廳 131席
小丑：雙重瘋狂,金門昇恆昌國賓影城,2024/10/04,17:20,2廳 131席
小丑：雙重瘋狂,金門昇恆昌國賓影城,2024/10/04,20:10,2廳 131席
小丑：雙重瘋狂,台北長春國賓影城,2024/10/05,11:00,A廳 396席
小丑：雙重瘋狂,台北長春國賓影城,2024/10/05,13:40,A廳 396席
小丑：雙重瘋狂,台北長春國賓影城,2024/10/05,16:20,A廳 396席
小丑：雙重瘋狂,台北長春國賓影城,2024/10/05,19:00,A廳 396席
小丑：雙重瘋狂,台北長春國賓影城,2024/10/05,21:40,A廳 396席
小丑：雙重瘋狂,林口昕境國賓影城,2024/10/05,11:00,2廳 192席
小丑：雙重瘋狂,林口昕境國賓影城,2024/10/05,13:40,2廳 192席
小丑：雙重瘋狂,林口昕境國賓影城,2024/10/05,16:20,2廳 192席
小丑：雙重瘋狂,林口昕境國賓影城,2024/10/05,19:00,2廳 192席
小丑：雙重瘋狂,林口昕境國賓影城,2024/10/05,21:40,2廳 192席
小丑：雙重瘋狂,國賓大戲院,2024/10/05,10:00,鉅院廳 745席
小丑：雙重瘋狂,國賓大戲院,2024/10/05,12:30,鉅院廳 745席
小丑：雙重瘋狂,國賓大戲院,2024/10/05,15:00,鉅院廳 745席
小丑：雙重瘋狂,國賓大戲院,2024/10/05,17:35,鉅院廳 745席
小丑：雙重瘋狂,國賓大戲院,2024/10/05,20:10,鉅院廳 745席
小丑：雙重瘋狂,國賓大戲院,2024/10/05,22:45,鉅院廳 745席
小丑：雙重瘋狂,淡水禮萊國賓影城,2024/10/05,11:00,1廳 163席
小丑：雙重瘋狂,淡水禮萊國賓影城,2024/10/05,13:40,1廳 163席
小丑：雙重瘋狂,淡水禮萊國賓影城,2024/10/05,16:20,1廳 163席
小丑：雙重瘋狂,淡水禮萊國賓影城,2024/10/05,19:00,1廳 163席
小丑：雙重瘋狂,淡水禮萊國賓影城,2024/10/05,21:40,1廳 163席
小丑：雙重瘋狂,新莊晶冠國賓影城,2024/10/05,10:50,8廳 75席
小丑：雙重瘋狂,新莊晶冠國賓影城,2024/10/05,13:30,8廳 75席
小丑：雙重瘋狂,新莊晶冠國賓影城,2024/10/05,16:10,8廳 75席
小丑：雙重瘋狂,新莊晶冠國賓影城,2024/10/05,18:50,8廳 75席
小丑：雙重瘋狂,新莊晶冠國賓影城,2024/10/05,21:30,8廳 75席
小丑：雙重瘋狂,新莊晶冠國賓影城,2024/10/05,12:30,B廳 31席
小丑：雙重瘋狂,新莊晶冠國賓影城,2024/10/05,15:10,B廳 31席
小丑：雙重瘋狂,新莊晶冠國賓影城,2024/10/05,17:50,B廳 31席
小丑：雙重瘋狂,新莊晶冠國賓影城,2024/10/05,20:30,B廳 31席
小丑：雙重瘋狂,八德廣豐國賓影城,2024/10/05,11:00,2廳 223席
小丑：雙重瘋狂,八德廣豐國賓影城,2024/10/05,13:40,2廳 223席
小丑：雙重瘋狂,八德廣豐國賓影城,2024/10/05,16:20,2廳 223席
小丑：雙重瘋狂,八德廣豐國賓影城,2024/10/05,19:00,2廳 223席
小丑：雙重瘋狂,八德廣豐國賓影城,2024/10/05,21:40,2廳 223席
小丑：雙重瘋狂,台南國賓影城,2024/10/05,11:00,A廳 495席
小丑：雙重瘋狂,台南國賓影城,2024/10/05,13:40,A廳 495席
小丑：雙重瘋狂,台南國賓影城,2024/10/05,16:20,A廳 495席
小丑：雙重瘋狂,台南國賓影城,2024/10/05,19:00,A廳 495席
小丑：雙重瘋狂,台南國賓影城,2024/10/05,21:40,A廳 495席
小丑：雙重瘋狂,高雄草衙道國賓影城,2024/10/05,11:00,9廳 203席
小丑：雙重瘋狂,高雄草衙道國賓影城,2024/10/05,13:40,9廳 203席
小丑：雙重瘋狂,高雄草衙道國賓影城,2024/10/05,16:20,9廳 203席
小丑：雙重瘋狂,高雄草衙道國賓影城,2024/10/05,19:00,9廳 203席
小丑：雙重瘋狂,高雄草衙道國賓影城,2024/10/05,21:40,9廳 203席
小丑：雙重瘋狂,高雄義大國賓影城,2024/10/05,11:00,8廳 346席
小丑：雙重瘋狂,高雄義大國賓影城,2024/10/05,13:40,8廳 346席
小丑：雙重瘋狂,高雄義大國賓影城,2024/10/05,16:20,8廳 346席
小丑：雙重瘋狂,高雄義大國賓影城,2024/10/05,19:00,8廳 346席
小丑：雙重瘋狂,高雄義大國賓影城,2024/10/05,21:40,8廳 346席
小丑：雙重瘋狂,屏東環球國賓影城,2024/10/05,10:40,1廳 208席
小丑：雙重瘋狂,屏東環球國賓影城,2024/10/05,13:20,1廳 208席
小丑：雙重瘋狂,屏東環球國賓影城,2024/10/05,16:00,1廳 208席
小丑：雙重瘋狂,屏東環球國賓影城,2024/10/05,19:00,1廳 208席
小丑：雙重瘋狂,屏東環球國賓影城,2024/10/05,21:40,1廳 208席
小丑：雙重瘋狂,金門昇恆昌國賓影城,2024/10/05,11:30,2廳 131席
小丑：雙重瘋狂,金門昇恆昌國賓影城,2024/10/05,14:10,2廳 131席
小丑：雙重瘋狂,金門昇恆昌國賓影城,2024/10/05,16:50,2廳 131席
小丑：雙重瘋狂,金門昇恆昌國賓影城,2024/10/05,19:30,2廳 131席
小丑：雙重瘋狂,台北長春國賓影城,2024/10/06,11:00,A廳 396席
小丑：雙重瘋狂,台北長春國賓影城,2024/10/06,13:40,A廳 396席
小丑：雙重瘋狂,台北長春國賓影城,2024/10/06,16:20,A廳 396席
小丑：雙重瘋狂,台北長春國賓影城,2024/10/06,19:00,A廳 396席
小丑：雙重瘋狂,台北長春國賓影城,2024/10/06,21:40,A廳 396席
小丑：雙重瘋狂,林口昕境國賓影城,2024/10/06,11:00,2廳 192席
小丑：雙重瘋狂,林口昕境國賓影城,2024/10/06,13:40,2廳 192席
小丑：雙重瘋狂,林口昕境國賓影城,2024/10/06,16:20,2廳 192席
小丑：雙重瘋狂,林口昕境國賓影城,2024/10/06,19:00,2廳 192席
小丑：雙重瘋狂,林口昕境國賓影城,2024/10/06,21:40,2廳 192席
小丑：雙重瘋狂,國賓大戲院,2024/10/06,10:00,鉅院廳 745席
小丑：雙重瘋狂,國賓大戲院,2024/10/06,12:30,鉅院廳 745席
小丑：雙重瘋狂,國賓大戲院,2024/10/06,15:00,鉅院廳 745席
小丑：雙重瘋狂,國賓大戲院,2024/10/06,17:35,鉅院廳 745席
小丑：雙重瘋狂,國賓大戲院,2024/10/06,20:10,鉅院廳 745席
小丑：雙重瘋狂,國賓大戲院,2024/10/06,22:45,鉅院廳 745席
小丑：雙重瘋狂,淡水禮萊國賓影城,2024/10/06,11:00,1廳 163席
小丑：雙重瘋狂,淡水禮萊國賓影城,2024/10/06,13:40,1廳 163席
小丑：雙重瘋狂,淡水禮萊國賓影城,2024/10/06,16:20,1廳 163席
小丑：雙重瘋狂,淡水禮萊國賓影城,2024/10/06,19:00,1廳 163席
小丑：雙重瘋狂,淡水禮萊國賓影城,2024/10/06,21:40,1廳 163席
小丑：雙重瘋狂,新莊晶冠國賓影城,2024/10/06,10:50,8廳 75席
小丑：雙重瘋狂,新莊晶冠國賓影城,2024/10/06,13:30,8廳 75席
小丑：雙重瘋狂,新莊晶冠國賓影城,2024/10/06,16:10,8廳 75席
小丑：雙重瘋狂,新莊晶冠國賓影城,2024/10/06,18:50,8廳 75席
小丑：雙重瘋狂,新莊晶冠國賓影城,2024/10/06,21:30,8廳 75席
小丑：雙重瘋狂,新莊晶冠國賓影城,2024/10/06,12:30,B廳 31席
小丑：雙重瘋狂,新莊晶冠國賓影城,2024/10/06,15:10,B廳 31席
小丑：雙重瘋狂,新莊晶冠國賓影城,2024/10/06,17:50,B廳 31席
小丑：雙重瘋狂,新莊晶冠國賓影城,2024/10/06,20:30,B廳 31席
小丑：雙重瘋狂,八德廣豐國賓影城,2024/10/06,11:00,2廳 223席
小丑：雙重瘋狂,八德廣豐國賓影城,2024/10/06,13:40,2廳 223席
小丑：雙重瘋狂,八德廣豐國賓影城,2024/10/06,16:20,2廳 223席
小丑：雙重瘋狂,八德廣豐國賓影城,2024/10/06,19:00,2廳 223席
小丑：雙重瘋狂,八德廣豐國賓影城,2024/10/06,21:40,2廳 223席
小丑：雙重瘋狂,台南國賓影城,2024/10/06,11:00,A廳 495席
小丑：雙重瘋狂,台南國賓影城,2024/10/06,13:40,A廳 495席
小丑：雙重瘋狂,台南國賓影城,2024/10/06,16:20,A廳 495席
小丑：雙重瘋狂,台南國賓影城,2024/10/06,19:00,A廳 495席
小丑：雙重瘋狂,台南國賓影城,2024/10/06,21:40,A廳 495席
小丑：雙重瘋狂,高雄草衙道國賓影城,2024/10/06,11:00,9廳 203席
小丑：雙重瘋狂,高雄草衙道國賓影城,2024/10/06,13:40,9廳 203席
小丑：雙重瘋狂,高雄草衙道國賓影城,2024/10/06,16:20,9廳 203席
小丑：雙重瘋狂,高雄草衙道國賓影城,2024/10/06,19:00,9廳 203席
小丑：雙重瘋狂,高雄草衙道國賓影城,2024/10/06,21:40,9廳 203席
小丑：雙重瘋狂,高雄義大國賓影城,2024/10/06,11:00,8廳 346席
小丑：雙重瘋狂,高雄義大國賓影城,2024/10/06,13:40,8廳 346席
小丑：雙重瘋狂,高雄義大國賓影城,2024/10/06,16:20,8廳 346席
小丑：雙重瘋狂,高雄義大國賓影城,2024/10/06,19:00,8廳 346席
小丑：雙重瘋狂,高雄義大國賓影城,2024/10/06,21:40,8廳 346席
小丑：雙重瘋狂,屏東環球國賓影城,2024/10/06,10:40,1廳 208席
小丑：雙重瘋狂,屏東環球國賓影城,2024/10/06,13:20,1廳 208席
小丑：雙重瘋狂,屏東環球國賓影城,2024/10/06,16:00,1廳 208席
小丑：雙重瘋狂,屏東環球國賓影城,2024/10/06,19:00,1廳 208席
小丑：雙重瘋狂,屏東環球國賓影城,2024/10/06,21:40,1廳 208席
小丑：雙重瘋狂,金門昇恆昌國賓影城,2024/10/06,11:30,2廳 131席
小丑：雙重瘋狂,金門昇恆昌國賓影城,2024/10/06,14:10,2廳 131席
小丑：雙重瘋狂,金門昇恆昌國賓影城,2024/10/06,16:50,2廳 131席
小丑：雙重瘋狂,金門昇恆昌國賓影城,2024/10/06,19:30,2廳 131席
薇娜：死後七日,台北長春國賓影城,2024/09/30,11:20,5廳 49席
薇娜：死後七日,台北長春國賓影城,2024/09/30,13:15,5廳 49席
薇娜：死後七日,台北長春國賓影城,2024/09/30,15:10,5廳 49席
薇娜：死後七日,台北長春國賓影城,2024/09/30,17:05,5廳 49席
薇娜：死後七日,台北長春國賓影城,2024/09/30,19:00,5廳 49席
薇娜：死後七日,台北長春國賓影城,2024/09/30,20:55,5廳 49席
薇娜：死後七日,林口昕境國賓影城,2024/09/30,14:10,6廳 105席
薇娜：死後七日,林口昕境國賓影城,2024/09/30,17:00,5廳 105席
薇娜：死後七日,林口昕境國賓影城,2024/09/30,20:10,6廳 105席
薇娜：死後七日,林口昕境國賓影城,2024/09/30,22:40,5廳 105席
薇娜：死後七日,淡水禮萊國賓影城,2024/09/30,14:10,8廳 98席
薇娜：死後七日,淡水禮萊國賓影城,2024/09/30,18:10,8廳 98席
薇娜：死後七日,淡水禮萊國賓影城,2024/09/30,20:10,8廳 98席
薇娜：死後七日,淡水禮萊國賓影城,2024/09/30,22:10,8廳 98席
薇娜：死後七日,新莊晶冠國賓影城,2024/09/30,11:20,6廳 58席
薇娜：死後七日,新莊晶冠國賓影城,2024/09/30,13:15,6廳 58席
薇娜：死後七日,新莊晶冠國賓影城,2024/09/30,15:10,6廳 58席
薇娜：死後七日,新莊晶冠國賓影城,2024/09/30,17:05,6廳 58席
薇娜：死後七日,新莊晶冠國賓影城,2024/09/30,19:00,6廳 58席
薇娜：死後七日,新莊晶冠國賓影城,2024/09/30,20:55,6廳 58席
薇娜：死後七日,八德廣豐國賓影城,2024/09/30,10:40,5廳 185席
薇娜：死後七日,八德廣豐國賓影城,2024/09/30,14:40,5廳 185席
薇娜：死後七日,八德廣豐國賓影城,2024/09/30,16:35,5廳 185席
薇娜：死後七日,八德廣豐國賓影城,2024/09/30,20:35,5廳 185席
薇娜：死後七日,八德廣豐國賓影城,2024/09/30,22:30,5廳 185席
薇娜：死後七日,台南國賓影城,2024/09/30,14:20,5廳 117席
薇娜：死後七日,台南國賓影城,2024/09/30,16:15,5廳 117席
薇娜：死後七日,台南國賓影城,2024/09/30,18:10,5廳 117席
薇娜：死後七日,台南國賓影城,2024/09/30,20:05,5廳 117席
薇娜：死後七日,台南國賓影城,2024/09/30,22:00,5廳 117席
薇娜：死後七日,高雄草衙道國賓影城,2024/09/30,14:20,5廳 187席
薇娜：死後七日,高雄草衙道國賓影城,2024/09/30,16:30,8廳 149席
薇娜：死後七日,高雄草衙道國賓影城,2024/09/30,18:40,5廳 187席
薇娜：死後七日,高雄草衙道國賓影城,2024/09/30,20:35,5廳 187席
薇娜：死後七日,高雄草衙道國賓影城,2024/09/30,22:40,3廳 187席
薇娜：死後七日,高雄義大國賓影城,2024/09/30,14:20,4廳 157席
薇娜：死後七日,高雄義大國賓影城,2024/09/30,17:00,2廳 187席
薇娜：死後七日,高雄義大國賓影城,2024/09/30,18:40,4廳 157席
薇娜：死後七日,高雄義大國賓影城,2024/09/30,20:35,4廳 157席
薇娜：死後七日,高雄義大國賓影城,2024/09/30,22:30,4廳 157席
薇娜：死後七日,屏東環球國賓影城,2024/09/30,13:00,6廳 181席
薇娜：死後七日,屏東環球國賓影城,2024/09/30,16:50,6廳 181席
薇娜：死後七日,屏東環球國賓影城,2024/09/30,20:40,6廳 181席
薇娜：死後七日,屏東環球國賓影城,2024/09/30,22:40,6廳 181席
薇娜：死後七日,金門昇恆昌國賓影城,2024/09/30,16:25,4廳 101席
薇娜：死後七日,金門昇恆昌國賓影城,2024/09/30,20:25,4廳 101席
薇娜：死後七日,台北長春國賓影城,2024/10/01,11:20,5廳 49席
薇娜：死後七日,台北長春國賓影城,2024/10/01,13:15,5廳 49席
薇娜：死後七日,台北長春國賓影城,2024/10/01,15:10,5廳 49席
薇娜：死後七日,台北長春國賓影城,2024/10/01,17:05,5廳 49席
薇娜：死後七日,台北長春國賓影城,2024/10/01,19:00,5廳 49席
薇娜：死後七日,台北長春國賓影城,2024/10/01,20:55,5廳 49席
薇娜：死後七日,林口昕境國賓影城,2024/10/01,14:10,6廳 105席
薇娜：死後七日,林口昕境國賓影城,2024/10/01,17:00,5廳 105席
薇娜：死後七日,林口昕境國賓影城,2024/10/01,20:10,6廳 105席
薇娜：死後七日,林口昕境國賓影城,2024/10/01,22:40,5廳 105席
薇娜：死後七日,淡水禮萊國賓影城,2024/10/01,14:10,8廳 98席
薇娜：死後七日,淡水禮萊國賓影城,2024/10/01,18:10,8廳 98席
薇娜：死後七日,淡水禮萊國賓影城,2024/10/01,20:10,8廳 98席
薇娜：死後七日,淡水禮萊國賓影城,2024/10/01,22:10,8廳 98席
薇娜：死後七日,新莊晶冠國賓影城,2024/10/01,11:20,6廳 58席
薇娜：死後七日,新莊晶冠國賓影城,2024/10/01,13:15,6廳 58席
薇娜：死後七日,新莊晶冠國賓影城,2024/10/01,15:10,6廳 58席
薇娜：死後七日,新莊晶冠國賓影城,2024/10/01,17:05,6廳 58席
薇娜：死後七日,新莊晶冠國賓影城,2024/10/01,19:00,6廳 58席
薇娜：死後七日,新莊晶冠國賓影城,2024/10/01,20:55,6廳 58席
薇娜：死後七日,八德廣豐國賓影城,2024/10/01,10:40,5廳 185席
薇娜：死後七日,八德廣豐國賓影城,2024/10/01,14:40,5廳 185席
薇娜：死後七日,八德廣豐國賓影城,2024/10/01,16:35,5廳 185席
薇娜：死後七日,八德廣豐國賓影城,2024/10/01,20:35,5廳 185席
薇娜：死後七日,八德廣豐國賓影城,2024/10/01,22:30,5廳 185席
薇娜：死後七日,台南國賓影城,2024/10/01,14:20,5廳 117席
薇娜：死後七日,台南國賓影城,2024/10/01,16:15,5廳 117席
薇娜：死後七日,台南國賓影城,2024/10/01,18:10,5廳 117席
薇娜：死後七日,台南國賓影城,2024/10/01,20:05,5廳 117席
薇娜：死後七日,台南國賓影城,2024/10/01,22:00,5廳 117席
薇娜：死後七日,高雄草衙道國賓影城,2024/10/01,14:20,5廳 187席
薇娜：死後七日,高雄草衙道國賓影城,2024/10/01,17:00,8廳 149席
薇娜：死後七日,高雄草衙道國賓影城,2024/10/01,18:40,5廳 187席
薇娜：死後七日,高雄草衙道國賓影城,2024/10/01,20:35,5廳 187席
薇娜：死後七日,高雄草衙道國賓影城,2024/10/01,22:40,3廳 187席
薇娜：死後七日,高雄義大國賓影城,2024/10/01,14:20,4廳 157席
薇娜：死後七日,高雄義大國賓影城,2024/10/01,17:00,2廳 187席
薇娜：死後七日,高雄義大國賓影城,2024/10/01,18:40,4廳 157席
薇娜：死後七日,高雄義大國賓影城,2024/10/01,20:35,4廳 157席
薇娜：死後七日,高雄義大國賓影城,2024/10/01,22:30,4廳 157席
薇娜：死後七日,屏東環球國賓影城,2024/10/01,13:00,6廳 181席
薇娜：死後七日,屏東環球國賓影城,2024/10/01,16:50,6廳 181席
薇娜：死後七日,屏東環球國賓影城,2024/10/01,20:40,6廳 181席
薇娜：死後七日,屏東環球國賓影城,2024/10/01,22:40,6廳 181席
薇娜：死後七日,金門昇恆昌國賓影城,2024/10/01,16:25,4廳 101席
薇娜：死後七日,金門昇恆昌國賓影城,2024/10/01,20:25,4廳 101席
薇娜：死後七日,台北長春國賓影城,2024/10/02,11:20,5廳 49席
薇娜：死後七日,台北長春國賓影城,2024/10/02,13:15,5廳 49席
薇娜：死後七日,台北長春國賓影城,2024/10/02,15:10,5廳 49席
薇娜：死後七日,台北長春國賓影城,2024/10/02,17:05,5廳 49席
薇娜：死後七日,台北長春國賓影城,2024/10/02,19:00,5廳 49席
薇娜：死後七日,台北長春國賓影城,2024/10/02,20:55,5廳 49席
薇娜：死後七日,林口昕境國賓影城,2024/10/02,14:10,6廳 105席
薇娜：死後七日,林口昕境國賓影城,2024/10/02,17:00,5廳 105席
薇娜：死後七日,林口昕境國賓影城,2024/10/02,20:05,6廳 105席
薇娜：死後七日,林口昕境國賓影城,2024/10/02,22:50,5廳 105席
薇娜：死後七日,新莊晶冠國賓影城,2024/10/02,11:20,6廳 58席
薇娜：死後七日,新莊晶冠國賓影城,2024/10/02,13:15,6廳 58席
薇娜：死後七日,新莊晶冠國賓影城,2024/10/02,15:10,6廳 58席
薇娜：死後七日,新莊晶冠國賓影城,2024/10/02,17:05,6廳 58席
薇娜：死後七日,新莊晶冠國賓影城,2024/10/02,19:00,6廳 58席
薇娜：死後七日,新莊晶冠國賓影城,2024/10/02,20:55,6廳 58席
薇娜：死後七日,八德廣豐國賓影城,2024/10/02,12:40,5廳 185席
薇娜：死後七日,八德廣豐國賓影城,2024/10/02,16:45,5廳 185席
薇娜：死後七日,八德廣豐國賓影城,2024/10/02,20:45,5廳 185席
薇娜：死後七日,八德廣豐國賓影城,2024/10/02,22:40,5廳 185席
薇娜：死後七日,台南國賓影城,2024/10/02,14:20,5廳 117席
薇娜：死後七日,台南國賓影城,2024/10/02,16:15,5廳 117席
薇娜：死後七日,台南國賓影城,2024/10/02,18:10,5廳 117席
薇娜：死後七日,台南國賓影城,2024/10/02,20:05,5廳 117席
薇娜：死後七日,台南國賓影城,2024/10/02,22:00,5廳 117席
薇娜：死後七日,高雄草衙道國賓影城,2024/10/02,14:20,5廳 187席
薇娜：死後七日,高雄草衙道國賓影城,2024/10/02,18:40,5廳 187席
薇娜：死後七日,高雄草衙道國賓影城,2024/10/02,20:35,5廳 187席
薇娜：死後七日,高雄草衙道國賓影城,2024/10/02,22:40,3廳 187席
薇娜：死後七日,高雄義大國賓影城,2024/10/02,14:20,4廳 157席
薇娜：死後七日,高雄義大國賓影城,2024/10/02,18:40,4廳 157席
薇娜：死後七日,高雄義大國賓影城,2024/10/02,20:35,4廳 157席
薇娜：死後七日,高雄義大國賓影城,2024/10/02,22:40,2廳 187席
薇娜：死後七日,屏東環球國賓影城,2024/10/02,13:00,6廳 181席
薇娜：死後七日,屏東環球國賓影城,2024/10/02,16:50,6廳 181席
薇娜：死後七日,屏東環球國賓影城,2024/10/02,22:30,6廳 181席
薇娜：死後七日,金門昇恆昌國賓影城,2024/10/02,16:05,4廳 101席
薇娜：死後七日,台北長春國賓影城,2024/10/03,11:20,5廳 49席
薇娜：死後七日,台北長春國賓影城,2024/10/03,13:15,5廳 49席
薇娜：死後七日,台北長春國賓影城,2024/10/03,15:10,5廳 49席
薇娜：死後七日,台北長春國賓影城,2024/10/03,17:05,5廳 49席
薇娜：死後七日,台北長春國賓影城,2024/10/03,19:00,5廳 49席
薇娜：死後七日,台北長春國賓影城,2024/10/03,20:55,5廳 49席
薇娜：死後七日,林口昕境國賓影城,2024/10/03,14:10,6廳 105席
薇娜：死後七日,林口昕境國賓影城,2024/10/03,17:00,5廳 105席
薇娜：死後七日,林口昕境國賓影城,2024/10/03,20:05,6廳 105席
薇娜：死後七日,林口昕境國賓影城,2024/10/03,22:50,5廳 105席
薇娜：死後七日,新莊晶冠國賓影城,2024/10/03,11:20,6廳 58席
薇娜：死後七日,新莊晶冠國賓影城,2024/10/03,13:15,6廳 58席
薇娜：死後七日,新莊晶冠國賓影城,2024/10/03,15:10,6廳 58席
薇娜：死後七日,新莊晶冠國賓影城,2024/10/03,17:05,6廳 58席
薇娜：死後七日,新莊晶冠國賓影城,2024/10/03,19:00,6廳 58席
薇娜：死後七日,新莊晶冠國賓影城,2024/10/03,20:55,6廳 58席
薇娜：死後七日,八德廣豐國賓影城,2024/10/03,12:40,5廳 185席
薇娜：死後七日,八德廣豐國賓影城,2024/10/03,16:45,5廳 185席
薇娜：死後七日,八德廣豐國賓影城,2024/10/03,20:45,5廳 185席
薇娜：死後七日,八德廣豐國賓影城,2024/10/03,22:40,5廳 185席
薇娜：死後七日,台南國賓影城,2024/10/03,14:20,5廳 117席
薇娜：死後七日,台南國賓影城,2024/10/03,16:15,5廳 117席
薇娜：死後七日,台南國賓影城,2024/10/03,18:10,5廳 117席
薇娜：死後七日,台南國賓影城,2024/10/03,20:05,5廳 117席
薇娜：死後七日,台南國賓影城,2024/10/03,22:00,5廳 117席
薇娜：死後七日,高雄草衙道國賓影城,2024/10/03,14:20,5廳 187席
薇娜：死後七日,高雄草衙道國賓影城,2024/10/03,18:40,5廳 187席
薇娜：死後七日,高雄草衙道國賓影城,2024/10/03,20:35,5廳 187席
薇娜：死後七日,高雄草衙道國賓影城,2024/10/03,22:40,3廳 187席
薇娜：死後七日,高雄義大國賓影城,2024/10/03,14:20,4廳 157席
薇娜：死後七日,高雄義大國賓影城,2024/10/03,18:40,4廳 157席
薇娜：死後七日,高雄義大國賓影城,2024/10/03,20:35,4廳 157席
薇娜：死後七日,高雄義大國賓影城,2024/10/03,22:40,2廳 187席
薇娜：死後七日,屏東環球國賓影城,2024/10/03,13:00,6廳 181席
薇娜：死後七日,屏東環球國賓影城,2024/10/03,16:50,6廳 181席
薇娜：死後七日,屏東環球國賓影城,2024/10/03,22:30,6廳 181席
薇娜：死後七日,金門昇恆昌國賓影城,2024/10/03,16:05,4廳 101席
千萬別放手,台北長春國賓影城,2024/09/30,10:50,4廳 141席
千萬別放手,台北長春國賓影城,2024/09/30,12:40,4廳 141席
千萬別放手,台北長春國賓影城,2024/09/30,14:30,4廳 141席
千萬別放手,台北長春國賓影城,2024/09/30,16:20,4廳 141席
千萬別放手,台北長春國賓影城,2024/09/30,18:10,4廳 141席
千萬別放手,台北長春國賓影城,2024/09/30,20:00,4廳 141席
千萬別放手,台北長春國賓影城,2024/09/30,21:50,4廳 141席
千萬別放手,台北長春國賓影城,2024/09/30,22:50,5廳 49席
千萬別放手,林口昕境國賓影城,2024/09/30,13:20,5廳 105席
千萬別放手,林口昕境國賓影城,2024/09/30,15:10,5廳 105席
千萬別放手,林口昕境國賓影城,2024/09/30,19:00,5廳 105席
千萬別放手,林口昕境國賓影城,2024/09/30,20:50,5廳 105席
千萬別放手,淡水禮萊國賓影城,2024/09/30,13:20,6廳 106席
千萬別放手,淡水禮萊國賓影城,2024/09/30,15:10,6廳 106席
千萬別放手,淡水禮萊國賓影城,2024/09/30,17:00,6廳 106席
千萬別放手,淡水禮萊國賓影城,2024/09/30,18:50,6廳 106席
千萬別放手,淡水禮萊國賓影城,2024/09/30,20:40,6廳 106席
千萬別放手,新莊晶冠國賓影城,2024/09/30,10:50,9廳 76席
千萬別放手,新莊晶冠國賓影城,2024/09/30,12:40,9廳 76席
千萬別放手,新莊晶冠國賓影城,2024/09/30,14:30,9廳 76席
千萬別放手,新莊晶冠國賓影城,2024/09/30,16:20,9廳 76席
千萬別放手,新莊晶冠國賓影城,2024/09/30,18:10,9廳 76席
千萬別放手,新莊晶冠國賓影城,2024/09/30,20:00,9廳 76席
千萬別放手,新莊晶冠國賓影城,2024/09/30,21:50,9廳 76席
千萬別放手,新莊晶冠國賓影城,2024/09/30,22:50,6廳 58席
千萬別放手,八德廣豐國賓影城,2024/09/30,10:50,4廳 205席
千萬別放手,八德廣豐國賓影城,2024/09/30,14:50,4廳 205席
千萬別放手,八德廣豐國賓影城,2024/09/30,18:40,4廳 205席
千萬別放手,八德廣豐國賓影城,2024/09/30,20:30,4廳 205席
千萬別放手,八德廣豐國賓影城,2024/09/30,22:20,4廳 205席
千萬別放手,台南國賓影城,2024/09/30,10:50,B廳 202席
千萬別放手,台南國賓影城,2024/09/30,12:40,B廳 202席
千萬別放手,台南國賓影城,2024/09/30,14:30,B廳 202席
千萬別放手,台南國賓影城,2024/09/30,16:20,B廳 202席
千萬別放手,台南國賓影城,2024/09/30,18:10,B廳 202席
千萬別放手,台南國賓影城,2024/09/30,20:00,B廳 202席
千萬別放手,台南國賓影城,2024/09/30,21:50,B廳 202席
千萬別放手,高雄草衙道國賓影城,2024/09/30,13:20,3廳 187席
千萬別放手,高雄草衙道國賓影城,2024/09/30,15:10,3廳 187席
千萬別放手,高雄草衙道國賓影城,2024/09/30,17:00,3廳 187席
千萬別放手,高雄草衙道國賓影城,2024/09/30,18:50,3廳 187席
千萬別放手,高雄草衙道國賓影城,2024/09/30,20:40,3廳 187席
千萬別放手,高雄義大國賓影城,2024/09/30,13:20,2廳 187席
千萬別放手,高雄義大國賓影城,2024/09/30,15:10,2廳 187席
千萬別放手,高雄義大國賓影城,2024/09/30,19:00,2廳 187席
千萬別放手,高雄義大國賓影城,2024/09/30,20:50,2廳 187席
千萬別放手,高雄義大國賓影城,2024/09/30,22:40,2廳 187席
千萬別放手,屏東環球國賓影城,2024/09/30,11:10,6廳 181席
千萬別放手,屏東環球國賓影城,2024/09/30,15:00,6廳 181席
千萬別放手,屏東環球國賓影城,2024/09/30,18:50,6廳 181席
千萬別放手,屏東環球國賓影城,2024/09/30,22:45,1廳 208席
千萬別放手,金門昇恆昌國賓影城,2024/09/30,14:00,3廳 91席
千萬別放手,金門昇恆昌國賓影城,2024/09/30,18:15,3廳 91席
千萬別放手,金門昇恆昌國賓影城,2024/09/30,20:05,3廳 91席
千萬別放手,台北長春國賓影城,2024/10/01,10:50,4廳 141席
千萬別放手,台北長春國賓影城,2024/10/01,12:40,4廳 141席
千萬別放手,台北長春國賓影城,2024/10/01,14:30,4廳 141席
千萬別放手,台北長春國賓影城,2024/10/01,16:20,4廳 141席
千萬別放手,台北長春國賓影城,2024/10/01,18:10,4廳 141席
千萬別放手,台北長春國賓影城,2024/10/01,20:00,4廳 141席
千萬別放手,台北長春國賓影城,2024/10/01,21:50,4廳 141席
千萬別放手,台北長春國賓影城,2024/10/01,22:50,5廳 49席
千萬別放手,林口昕境國賓影城,2024/10/01,13:20,5廳 105席
千萬別放手,林口昕境國賓影城,2024/10/01,15:10,5廳 105席
千萬別放手,林口昕境國賓影城,2024/10/01,19:00,5廳 105席
千萬別放手,林口昕境國賓影城,2024/10/01,20:50,5廳 105席
千萬別放手,淡水禮萊國賓影城,2024/10/01,13:20,6廳 106席
千萬別放手,淡水禮萊國賓影城,2024/10/01,15:10,6廳 106席
千萬別放手,淡水禮萊國賓影城,2024/10/01,17:00,6廳 106席
千萬別放手,淡水禮萊國賓影城,2024/10/01,18:50,6廳 106席
千萬別放手,淡水禮萊國賓影城,2024/10/01,20:40,6廳 106席
千萬別放手,新莊晶冠國賓影城,2024/10/01,10:50,9廳 76席
千萬別放手,新莊晶冠國賓影城,2024/10/01,12:40,9廳 76席
千萬別放手,新莊晶冠國賓影城,2024/10/01,14:30,9廳 76席
千萬別放手,新莊晶冠國賓影城,2024/10/01,16:20,9廳 76席
千萬別放手,新莊晶冠國賓影城,2024/10/01,18:10,9廳 76席
千萬別放手,新莊晶冠國賓影城,2024/10/01,20:00,9廳 76席
千萬別放手,新莊晶冠國賓影城,2024/10/01,21:50,9廳 76席
千萬別放手,新莊晶冠國賓影城,2024/10/01,22:50,6廳 58席
千萬別放手,八德廣豐國賓影城,2024/10/01,10:50,4廳 205席
千萬別放手,八德廣豐國賓影城,2024/10/01,14:50,4廳 205席
千萬別放手,八德廣豐國賓影城,2024/10/01,18:40,4廳 205席
千萬別放手,八德廣豐國賓影城,2024/10/01,20:30,4廳 205席
千萬別放手,八德廣豐國賓影城,2024/10/01,22:20,4廳 205席
千萬別放手,台南國賓影城,2024/10/01,10:50,B廳 202席
千萬別放手,台南國賓影城,2024/10/01,12:40,B廳 202席
千萬別放手,台南國賓影城,2024/10/01,14:30,B廳 202席
千萬別放手,台南國賓影城,2024/10/01,16:20,B廳 202席
千萬別放手,台南國賓影城,2024/10/01,18:10,B廳 202席
千萬別放手,台南國賓影城,2024/10/01,20:00,B廳 202席
千萬別放手,台南國賓影城,2024/10/01,21:50,B廳 202席
千萬別放手,高雄草衙道國賓影城,2024/10/01,13:20,3廳 187席
千萬別放手,高雄草衙道國賓影城,2024/10/01,15:10,3廳 187席
千萬別放手,高雄草衙道國賓影城,2024/10/01,17:00,3廳 187席
千萬別放手,高雄草衙道國賓影城,2024/10/01,18:50,3廳 187席
千萬別放手,高雄草衙道國賓影城,2024/10/01,20:40,3廳 187席
千萬別放手,高雄義大國賓影城,2024/10/01,13:20,2廳 187席
千萬別放手,高雄義大國賓影城,2024/10/01,15:10,2廳 187席
千萬別放手,高雄義大國賓影城,2024/10/01,19:00,2廳 187席
千萬別放手,高雄義大國賓影城,2024/10/01,20:50,2廳 187席
千萬別放手,高雄義大國賓影城,2024/10/01,22:40,2廳 187席
千萬別放手,屏東環球國賓影城,2024/10/01,11:10,6廳 181席
千萬別放手,屏東環球國賓影城,2024/10/01,15:00,6廳 181席
千萬別放手,屏東環球國賓影城,2024/10/01,18:50,6廳 181席
千萬別放手,屏東環球國賓影城,2024/10/01,22:45,1廳 208席
千萬別放手,金門昇恆昌國賓影城,2024/10/01,14:00,3廳 91席
千萬別放手,金門昇恆昌國賓影城,2024/10/01,18:15,3廳 91席
千萬別放手,金門昇恆昌國賓影城,2024/10/01,20:05,3廳 91席
千萬別放手,台北長春國賓影城,2024/10/02,10:50,4廳 141席
千萬別放手,台北長春國賓影城,2024/10/02,12:40,4廳 141席
千萬別放手,台北長春國賓影城,2024/10/02,14:30,4廳 141席
千萬別放手,台北長春國賓影城,2024/10/02,16:20,4廳 141席
千萬別放手,台北長春國賓影城,2024/10/02,21:50,4廳 141席
千萬別放手,台北長春國賓影城,2024/10/02,22:50,5廳 49席
千萬別放手,林口昕境國賓影城,2024/10/02,13:20,5廳 105席
千萬別放手,林口昕境國賓影城,2024/10/02,15:10,5廳 105席
千萬別放手,林口昕境國賓影城,2024/10/02,19:10,5廳 105席
千萬別放手,林口昕境國賓影城,2024/10/02,21:00,5廳 105席
千萬別放手,淡水禮萊國賓影城,2024/10/02,13:20,6廳 106席
千萬別放手,淡水禮萊國賓影城,2024/10/02,15:10,6廳 106席
千萬別放手,淡水禮萊國賓影城,2024/10/02,19:10,6廳 106席
千萬別放手,淡水禮萊國賓影城,2024/10/02,21:00,6廳 106席
千萬別放手,新莊晶冠國賓影城,2024/10/02,10:50,9廳 76席
千萬別放手,新莊晶冠國賓影城,2024/10/02,12:40,9廳 76席
千萬別放手,新莊晶冠國賓影城,2024/10/02,14:30,9廳 76席
千萬別放手,新莊晶冠國賓影城,2024/10/02,16:20,9廳 76席
千萬別放手,新莊晶冠國賓影城,2024/10/02,18:10,9廳 76席
千萬別放手,新莊晶冠國賓影城,2024/10/02,20:00,9廳 76席
千萬別放手,新莊晶冠國賓影城,2024/10/02,21:50,9廳 76席
千萬別放手,新莊晶冠國賓影城,2024/10/02,22:50,6廳 58席
千萬別放手,八德廣豐國賓影城,2024/10/02,10:50,4廳 205席
千萬別放手,八德廣豐國賓影城,2024/10/02,14:50,4廳 205席
千萬別放手,八德廣豐國賓影城,2024/10/02,18:40,4廳 205席
千萬別放手,八德廣豐國賓影城,2024/10/02,20:30,4廳 205席
千萬別放手,八德廣豐國賓影城,2024/10/02,22:20,4廳 205席
千萬別放手,台南國賓影城,2024/10/02,10:50,B廳 202席
千萬別放手,台南國賓影城,2024/10/02,12:40,B廳 202席
千萬別放手,台南國賓影城,2024/10/02,14:30,B廳 202席
千萬別放手,台南國賓影城,2024/10/02,16:20,B廳 202席
千萬別放手,高雄草衙道國賓影城,2024/10/02,13:20,3廳 187席
千萬別放手,高雄草衙道國賓影城,2024/10/02,15:10,3廳 187席
千萬別放手,高雄草衙道國賓影城,2024/10/02,17:00,3廳 187席
千萬別放手,高雄草衙道國賓影城,2024/10/02,18:50,3廳 187席
千萬別放手,高雄草衙道國賓影城,2024/10/02,20:40,3廳 187席
千萬別放手,高雄義大國賓影城,2024/10/02,13:20,2廳 187席
千萬別放手,高雄義大國賓影城,2024/10/02,15:10,2廳 187席
千萬別放手,高雄義大國賓影城,2024/10/02,17:00,2廳 187席
千萬別放手,高雄義大國賓影城,2024/10/02,18:50,2廳 187席
千萬別放手,高雄義大國賓影城,2024/10/02,20:40,2廳 187席
千萬別放手,屏東環球國賓影城,2024/10/02,11:10,6廳 181席
千萬別放手,屏東環球國賓影城,2024/10/02,15:00,6廳 181席
千萬別放手,屏東環球國賓影城,2024/10/02,18:50,6廳 181席
千萬別放手,屏東環球國賓影城,2024/10/02,20:40,6廳 181席
千萬別放手,金門昇恆昌國賓影城,2024/10/02,14:20,3廳 91席
千萬別放手,金門昇恆昌國賓影城,2024/10/02,18:40,3廳 91席
千萬別放手,金門昇恆昌國賓影城,2024/10/02,20:30,3廳 91席
千萬別放手,台北長春國賓影城,2024/10/03,10:50,4廳 141席
千萬別放手,台北長春國賓影城,2024/10/03,12:40,4廳 141席
千萬別放手,台北長春國賓影城,2024/10/03,14:30,4廳 141席
千萬別放手,台北長春國賓影城,2024/10/03,16:20,4廳 141席
千萬別放手,台北長春國賓影城,2024/10/03,18:10,4廳 141席
千萬別放手,台北長春國賓影城,2024/10/03,20:00,4廳 141席
千萬別放手,台北長春國賓影城,2024/10/03,21:50,4廳 141席
千萬別放手,台北長春國賓影城,2024/10/03,22:50,5廳 49席
千萬別放手,林口昕境國賓影城,2024/10/03,13:20,5廳 105席
千萬別放手,林口昕境國賓影城,2024/10/03,15:10,5廳 105席
千萬別放手,林口昕境國賓影城,2024/10/03,19:10,5廳 105席
千萬別放手,林口昕境國賓影城,2024/10/03,21:00,5廳 105席
千萬別放手,淡水禮萊國賓影城,2024/10/03,13:20,6廳 106席
千萬別放手,淡水禮萊國賓影城,2024/10/03,15:10,6廳 106席
千萬別放手,淡水禮萊國賓影城,2024/10/03,19:10,6廳 106席
千萬別放手,淡水禮萊國賓影城,2024/10/03,21:00,6廳 106席
千萬別放手,新莊晶冠國賓影城,2024/10/03,10:50,9廳 76席
千萬別放手,新莊晶冠國賓影城,2024/10/03,12:40,9廳 76席
千萬別放手,新莊晶冠國賓影城,2024/10/03,14:30,9廳 76席
千萬別放手,新莊晶冠國賓影城,2024/10/03,16:20,9廳 76席
千萬別放手,新莊晶冠國賓影城,2024/10/03,18:10,9廳 76席
千萬別放手,新莊晶冠國賓影城,2024/10/03,20:00,9廳 76席
千萬別放手,新莊晶冠國賓影城,2024/10/03,21:50,9廳 76席
千萬別放手,新莊晶冠國賓影城,2024/10/03,22:50,6廳 58席
千萬別放手,八德廣豐國賓影城,2024/10/03,10:50,4廳 205席
千萬別放手,八德廣豐國賓影城,2024/10/03,14:50,4廳 205席
千萬別放手,八德廣豐國賓影城,2024/10/03,18:40,4廳 205席
千萬別放手,八德廣豐國賓影城,2024/10/03,20:30,4廳 205席
千萬別放手,八德廣豐國賓影城,2024/10/03,22:20,4廳 205席
千萬別放手,台南國賓影城,2024/10/03,10:50,B廳 202席
千萬別放手,台南國賓影城,2024/10/03,12:40,B廳 202席
千萬別放手,台南國賓影城,2024/10/03,14:30,B廳 202席
千萬別放手,台南國賓影城,2024/10/03,16:20,B廳 202席
千萬別放手,高雄草衙道國賓影城,2024/10/03,13:20,3廳 187席
千萬別放手,高雄草衙道國賓影城,2024/10/03,15:10,3廳 187席
千萬別放手,高雄草衙道國賓影城,2024/10/03,17:00,3廳 187席
千萬別放手,高雄草衙道國賓影城,2024/10/03,18:50,3廳 187席
千萬別放手,高雄草衙道國賓影城,2024/10/03,20:40,3廳 187席
千萬別放手,高雄義大國賓影城,2024/10/03,13:20,2廳 187席
千萬別放手,高雄義大國賓影城,2024/10/03,15:10,2廳 187席
千萬別放手,高雄義大國賓影城,2024/10/03,17:00,2廳 187席
千萬別放手,高雄義大國賓影城,2024/10/03,18:50,2廳 187席
千萬別放手,高雄義大國賓影城,2024/10/03,20:40,2廳 187席
千萬別放手,屏東環球國賓影城,2024/10/03,11:10,6廳 181席
千萬別放手,屏東環球國賓影城,2024/10/03,15:00,6廳 181席
千萬別放手,屏東環球國賓影城,2024/10/03,18:50,6廳 181席
千萬別放手,屏東環球國賓影城,2024/10/03,20:40,6廳 181席
千萬別放手,金門昇恆昌國賓影城,2024/10/03,14:20,3廳 91席
千萬別放手,金門昇恆昌國賓影城,2024/10/03,18:40,3廳 91席
千萬別放手,金門昇恆昌國賓影城,2024/10/03,20:30,3廳 91席
那年夏天，想見妳,台北長春國賓影城,2024/09/30,11:30,8廳 61席
那年夏天，想見妳,台北長春國賓影城,2024/09/30,14:50,8廳 61席
那年夏天，想見妳,台北長春國賓影城,2024/09/30,18:10,8廳 61席
那年夏天，想見妳,台北長春國賓影城,2024/10/01,11:30,8廳 61席
那年夏天，想見妳,台北長春國賓影城,2024/10/01,14:50,8廳 61席
那年夏天，想見妳,台北長春國賓影城,2024/10/01,18:10,8廳 61席
那年夏天，想見妳,台北長春國賓影城,2024/10/02,13:00,8廳 61席
那年夏天，想見妳,台北長春國賓影城,2024/10/02,20:20,8廳 61席
那年夏天，想見妳,台北長春國賓影城,2024/10/03,13:00,8廳 61席
那年夏天，想見妳,台北長春國賓影城,2024/10/03,20:20,8廳 61席
不朽之櫻,台北長春國賓影城,2024/09/30,15:05,12廳 35席
不朽之櫻,台北長春國賓影城,2024/09/30,21:20,12廳 35席
不朽之櫻,台北長春國賓影城,2024/10/01,15:05,12廳 35席
不朽之櫻,台北長春國賓影城,2024/10/01,21:20,12廳 35席
不朽之櫻,台北長春國賓影城,2024/10/02,15:05,12廳 35席
不朽之櫻,台北長春國賓影城,2024/10/02,21:20,12廳 35席
不朽之櫻,台北長春國賓影城,2024/10/03,15:05,12廳 35席
不朽之櫻,台北長春國賓影城,2024/10/03,21:20,12廳 35席
超時空愛殺,台北長春國賓影城,2024/09/30,16:35,11廳 33席
超時空愛殺,台北長春國賓影城,2024/09/30,21:50,11廳 33席
超時空愛殺,台北長春國賓影城,2024/10/01,16:35,11廳 33席
超時空愛殺,台北長春國賓影城,2024/10/01,21:50,11廳 33席
超時空愛殺,台北長春國賓影城,2024/10/02,16:35,11廳 33席
超時空愛殺,台北長春國賓影城,2024/10/02,21:50,11廳 33席
超時空愛殺,台北長春國賓影城,2024/10/03,16:35,11廳 33席
超時空愛殺,台北長春國賓影城,2024/10/03,21:50,11廳 33席
在大雪封閉的山莊裡,台北長春國賓影城,2024/09/30,12:45,8廳 61席
在大雪封閉的山莊裡,台北長春國賓影城,2024/09/30,16:05,8廳 61席
在大雪封閉的山莊裡,台北長春國賓影城,2024/09/30,19:25,8廳 61席
在大雪封閉的山莊裡,新莊晶冠國賓影城,2024/09/30,13:00,11廳 75席
在大雪封閉的山莊裡,新莊晶冠國賓影城,2024/09/30,20:00,11廳 75席
在大雪封閉的山莊裡,台北長春國賓影城,2024/10/01,12:45,8廳 61席
在大雪封閉的山莊裡,台北長春國賓影城,2024/10/01,16:05,8廳 61席
在大雪封閉的山莊裡,台北長春國賓影城,2024/10/01,19:25,8廳 61席
在大雪封閉的山莊裡,新莊晶冠國賓影城,2024/10/01,13:00,11廳 75席
在大雪封閉的山莊裡,新莊晶冠國賓影城,2024/10/01,20:00,11廳 75席
在大雪封閉的山莊裡,台北長春國賓影城,2024/10/02,16:15,8廳 61席
在大雪封閉的山莊裡,台北長春國賓影城,2024/10/02,21:35,8廳 61席
在大雪封閉的山莊裡,台北長春國賓影城,2024/10/03,16:15,8廳 61席
在大雪封閉的山莊裡,台北長春國賓影城,2024/10/03,21:35,8廳 61席
薩滿男孩,台北長春國賓影城,2024/09/30,14:30,13廳 36席
薩滿男孩,台北長春國賓影城,2024/09/30,18:20,13廳 36席
薩滿男孩,台北長春國賓影城,2024/10/01,14:30,13廳 36席
薩滿男孩,台北長春國賓影城,2024/10/01,18:20,13廳 36席
薩滿男孩,台北長春國賓影城,2024/10/02,14:30,13廳 36席
薩滿男孩,台北長春國賓影城,2024/10/02,18:20,13廳 36席
薩滿男孩,台北長春國賓影城,2024/10/03,14:30,13廳 36席
薩滿男孩,台北長春國賓影城,2024/10/03,18:20,13廳 36席
雪水消融的季節,台北長春國賓影城,2024/09/30,13:00,12廳 35席
雪水消融的季節,台北長春國賓影城,2024/09/30,15:30,9廳 98席
雪水消融的季節,台北長春國賓影城,2024/09/30,20:30,9廳 98席
雪水消融的季節,台北長春國賓影城,2024/10/01,13:00,12廳 35席
雪水消融的季節,台北長春國賓影城,2024/10/01,15:30,9廳 98席
雪水消融的季節,台北長春國賓影城,2024/10/01,19:15,12廳 35席
雪水消融的季節,台北長春國賓影城,2024/10/01,20:30,9廳 98席
雪水消融的季節,台北長春國賓影城,2024/10/02,13:00,12廳 35席
雪水消融的季節,台北長春國賓影城,2024/10/02,19:15,12廳 35席
雪水消融的季節,台北長春國賓影城,2024/10/03,13:00,12廳 35席
雪水消融的季節,台北長春國賓影城,2024/10/03,19:15,12廳 35席
台北追緝令,台北長春國賓影城,2024/09/30,10:50,A廳 396席
台北追緝令,台北長春國賓影城,2024/09/30,11:50,B廳 114席
台北追緝令,台北長春國賓影城,2024/09/30,12:45,A廳 396席
台北追緝令,台北長春國賓影城,2024/09/30,13:45,B廳 114席
台北追緝令,台北長春國賓影城,2024/09/30,14:40,A廳 396席
台北追緝令,台北長春國賓影城,2024/09/30,15:40,B廳 114席
台北追緝令,台北長春國賓影城,2024/09/30,16:35,A廳 396席
台北追緝令,台北長春國賓影城,2024/09/30,17:35,B廳 114席
台北追緝令,台北長春國賓影城,2024/09/30,18:30,A廳 396席
台北追緝令,台北長春國賓影城,2024/09/30,19:10,1廳 145席
台北追緝令,台北長春國賓影城,2024/09/30,19:45,B廳 114席
台北追緝令,台北長春國賓影城,2024/09/30,20:25,A廳 396席
台北追緝令,台北長春國賓影城,2024/09/30,21:05,1廳 145席
台北追緝令,台北長春國賓影城,2024/09/30,21:40,B廳 114席
台北追緝令,台北長春國賓影城,2024/09/30,22:20,A廳 396席
台北追緝令,台北長春國賓影城,2024/09/30,23:00,1廳 145席
台北追緝令,林口昕境國賓影城,2024/09/30,13:20,7廳 196席
台北追緝令,林口昕境國賓影城,2024/09/30,14:20,2廳 192席
台北追緝令,林口昕境國賓影城,2024/09/30,15:15,7廳 196席
台北追緝令,林口昕境國賓影城,2024/09/30,16:15,2廳 192席
台北追緝令,林口昕境國賓影城,2024/09/30,17:10,7廳 196席
台北追緝令,林口昕境國賓影城,2024/09/30,18:10,2廳 192席
台北追緝令,林口昕境國賓影城,2024/09/30,19:05,7廳 196席
台北追緝令,林口昕境國賓影城,2024/09/30,20:05,2廳 192席
台北追緝令,林口昕境國賓影城,2024/09/30,21:00,7廳 196席
台北追緝令,林口昕境國賓影城,2024/09/30,22:00,2廳 192席
台北追緝令,林口昕境國賓影城,2024/09/30,22:55,7廳 196席
台北追緝令,國賓大戲院,2024/09/30,10:40,鉅院廳 745席
台北追緝令,國賓大戲院,2024/09/30,12:40,鉅院廳 745席
台北追緝令,國賓大戲院,2024/09/30,14:40,鉅院廳 745席
台北追緝令,國賓大戲院,2024/09/30,16:50,2廳 97席
台北追緝令,國賓大戲院,2024/09/30,19:00,鉅院廳 745席
台北追緝令,國賓大戲院,2024/09/30,21:00,鉅院廳 745席
台北追緝令,國賓大戲院,2024/09/30,22:00,3廳 102席
台北追緝令,淡水禮萊國賓影城,2024/09/30,13:20,1廳 163席
台北追緝令,淡水禮萊國賓影城,2024/09/30,14:20,2廳 163席
台北追緝令,淡水禮萊國賓影城,2024/09/30,15:15,1廳 163席
台北追緝令,淡水禮萊國賓影城,2024/09/30,16:15,2廳 163席
台北追緝令,淡水禮萊國賓影城,2024/09/30,17:10,1廳 163席
台北追緝令,淡水禮萊國賓影城,2024/09/30,18:10,2廳 163席
台北追緝令,淡水禮萊國賓影城,2024/09/30,19:05,1廳 163席
台北追緝令,淡水禮萊國賓影城,2024/09/30,20:05,2廳 163席
台北追緝令,淡水禮萊國賓影城,2024/09/30,21:00,1廳 163席
台北追緝令,淡水禮萊國賓影城,2024/09/30,22:00,2廳 163席
台北追緝令,淡水禮萊國賓影城,2024/09/30,22:55,1廳 163席
台北追緝令,新莊晶冠國賓影城,2024/09/30,10:50,8廳 75席
台北追緝令,新莊晶冠國賓影城,2024/09/30,12:45,8廳 75席
台北追緝令,新莊晶冠國賓影城,2024/09/30,13:25,10廳 74席
台北追緝令,新莊晶冠國賓影城,2024/09/30,14:40,8廳 75席
台北追緝令,新莊晶冠國賓影城,2024/09/30,15:20,10廳 74席
台北追緝令,新莊晶冠國賓影城,2024/09/30,16:35,8廳 75席
台北追緝令,新莊晶冠國賓影城,2024/09/30,17:15,10廳 74席
台北追緝令,新莊晶冠國賓影城,2024/09/30,18:30,8廳 75席
台北追緝令,新莊晶冠國賓影城,2024/09/30,19:10,10廳 74席
台北追緝令,新莊晶冠國賓影城,2024/09/30,20:25,8廳 75席
台北追緝令,新莊晶冠國賓影城,2024/09/30,21:05,10廳 74席
台北追緝令,新莊晶冠國賓影城,2024/09/30,22:20,8廳 75席
台北追緝令,新莊晶冠國賓影城,2024/09/30,23:00,10廳 74席
台北追緝令,新莊晶冠國賓影城,2024/09/30,14:00,B廳 31席
台北追緝令,新莊晶冠國賓影城,2024/09/30,16:00,B廳 31席
台北追緝令,新莊晶冠國賓影城,2024/09/30,17:55,B廳 31席
台北追緝令,新莊晶冠國賓影城,2024/09/30,19:50,B廳 31席
台北追緝令,新莊晶冠國賓影城,2024/09/30,21:45,B廳 31席
台北追緝令,八德廣豐國賓影城,2024/09/30,10:30,7廳 225席
台北追緝令,八德廣豐國賓影城,2024/09/30,11:30,2廳 223席
台北追緝令,八德廣豐國賓影城,2024/09/30,12:25,7廳 225席
台北追緝令,八德廣豐國賓影城,2024/09/30,13:25,2廳 223席
台北追緝令,八德廣豐國賓影城,2024/09/30,14:20,7廳 225席
台北追緝令,八德廣豐國賓影城,2024/09/30,15:20,2廳 223席
台北追緝令,八德廣豐國賓影城,2024/09/30,16:15,7廳 225席
台北追緝令,八德廣豐國賓影城,2024/09/30,17:15,2廳 223席
台北追緝令,八德廣豐國賓影城,2024/09/30,18:10,7廳 225席
台北追緝令,八德廣豐國賓影城,2024/09/30,19:10,2廳 223席
台北追緝令,八德廣豐國賓影城,2024/09/30,20:05,7廳 225席
台北追緝令,八德廣豐國賓影城,2024/09/30,21:05,2廳 223席
台北追緝令,八德廣豐國賓影城,2024/09/30,22:00,7廳 225席
台北追緝令,八德廣豐國賓影城,2024/09/30,23:00,2廳 223席
台北追緝令,台南國賓影城,2024/09/30,10:50,A廳 495席
台北追緝令,台南國賓影城,2024/09/30,12:45,A廳 495席
台北追緝令,台南國賓影城,2024/09/30,13:40,6廳 168席
台北追緝令,台南國賓影城,2024/09/30,14:40,A廳 495席
台北追緝令,台南國賓影城,2024/09/30,15:35,6廳 168席
台北追緝令,台南國賓影城,2024/09/30,16:35,A廳 495席
台北追緝令,台南國賓影城,2024/09/30,17:30,6廳 168席
台北追緝令,台南國賓影城,2024/09/30,18:30,A廳 495席
台北追緝令,台南國賓影城,2024/09/30,19:10,E廳 202席
台北追緝令,台南國賓影城,2024/09/30,19:45,2廳 27席
台北追緝令,台南國賓影城,2024/09/30,20:25,A廳 495席
台北追緝令,台南國賓影城,2024/09/30,21:05,E廳 202席
台北追緝令,台南國賓影城,2024/09/30,21:40,2廳 27席
台北追緝令,台南國賓影城,2024/09/30,22:20,A廳 495席
台北追緝令,台南國賓影城,2024/09/30,23:00,E廳 202席
台北追緝令,高雄草衙道國賓影城,2024/09/30,13:20,1廳 187席
台北追緝令,高雄草衙道國賓影城,2024/09/30,15:15,1廳 187席
台北追緝令,高雄草衙道國賓影城,2024/09/30,16:15,2廳 187席
台北追緝令,高雄草衙道國賓影城,2024/09/30,17:10,1廳 187席
台北追緝令,高雄草衙道國賓影城,2024/09/30,18:10,2廳 187席
台北追緝令,高雄草衙道國賓影城,2024/09/30,19:05,1廳 187席
台北追緝令,高雄草衙道國賓影城,2024/09/30,19:40,6廳 187席
台北追緝令,高雄草衙道國賓影城,2024/09/30,20:15,2廳 187席
台北追緝令,高雄草衙道國賓影城,2024/09/30,21:00,1廳 187席
台北追緝令,高雄草衙道國賓影城,2024/09/30,21:35,6廳 187席
台北追緝令,高雄草衙道國賓影城,2024/09/30,22:10,2廳 187席
台北追緝令,高雄草衙道國賓影城,2024/09/30,22:55,1廳 187席
台北追緝令,高雄義大國賓影城,2024/09/30,13:20,8廳 346席
台北追緝令,高雄義大國賓影城,2024/09/30,15:15,8廳 346席
台北追緝令,高雄義大國賓影城,2024/09/30,17:10,8廳 346席
台北追緝令,高雄義大國賓影城,2024/09/30,19:05,8廳 346席
台北追緝令,高雄義大國賓影城,2024/09/30,19:40,3廳 207席
台北追緝令,高雄義大國賓影城,2024/09/30,21:00,8廳 346席
台北追緝令,高雄義大國賓影城,2024/09/30,21:35,3廳 207席
台北追緝令,高雄義大國賓影城,2024/09/30,22:55,8廳 346席
台北追緝令,高雄義大國賓影城,2024/09/30,16:15,A廳 33席
台北追緝令,高雄義大國賓影城,2024/09/30,18:10,A廳 33席
台北追緝令,高雄義大國賓影城,2024/09/30,20:15,A廳 33席
台北追緝令,高雄義大國賓影城,2024/09/30,22:10,A廳 33席
台北追緝令,屏東環球國賓影城,2024/09/30,10:30,3廳 217席
台北追緝令,屏東環球國賓影城,2024/09/30,12:25,3廳 217席
台北追緝令,屏東環球國賓影城,2024/09/30,14:20,3廳 217席
台北追緝令,屏東環球國賓影城,2024/09/30,16:15,3廳 217席
台北追緝令,屏東環球國賓影城,2024/09/30,18:10,3廳 217席
台北追緝令,屏東環球國賓影城,2024/09/30,19:10,4廳 163席
台北追緝令,屏東環球國賓影城,2024/09/30,20:05,3廳 217席
台北追緝令,屏東環球國賓影城,2024/09/30,21:05,4廳 163席
台北追緝令,屏東環球國賓影城,2024/09/30,22:00,3廳 217席
台北追緝令,屏東環球國賓影城,2024/09/30,23:00,4廳 163席
台北追緝令,金門昇恆昌國賓影城,2024/09/30,14:00,2廳 131席
台北追緝令,金門昇恆昌國賓影城,2024/09/30,16:00,2廳 131席
台北追緝令,金門昇恆昌國賓影城,2024/09/30,18:00,2廳 131席
台北追緝令,金門昇恆昌國賓影城,2024/09/30,19:20,6廳 106席
台北追緝令,金門昇恆昌國賓影城,2024/09/30,20:30,2廳 131席
台北追緝令,台北長春國賓影城,2024/10/01,10:50,A廳 396席
台北追緝令,台北長春國賓影城,2024/10/01,11:50,B廳 114席
台北追緝令,台北長春國賓影城,2024/10/01,12:45,A廳 396席
台北追緝令,台北長春國賓影城,2024/10/01,13:45,B廳 114席
台北追緝令,台北長春國賓影城,2024/10/01,14:40,A廳 396席
台北追緝令,台北長春國賓影城,2024/10/01,15:40,B廳 114席
台北追緝令,台北長春國賓影城,2024/10/01,16:35,A廳 396席
台北追緝令,台北長春國賓影城,2024/10/01,17:35,B廳 114席
台北追緝令,台北長春國賓影城,2024/10/01,18:30,A廳 396席
台北追緝令,台北長春國賓影城,2024/10/01,19:10,1廳 145席
台北追緝令,台北長春國賓影城,2024/10/01,19:45,B廳 114席
台北追緝令,台北長春國賓影城,2024/10/01,20:25,A廳 396席
台北追緝令,台北長春國賓影城,2024/10/01,21:05,1廳 145席
台北追緝令,台北長春國賓影城,2024/10/01,21:40,B廳 114席
台北追緝令,台北長春國賓影城,2024/10/01,22:20,A廳 396席
台北追緝令,台北長春國賓影城,2024/10/01,23:00,1廳 145席
台北追緝令,林口昕境國賓影城,2024/10/01,13:20,7廳 196席
台北追緝令,林口昕境國賓影城,2024/10/01,14:20,2廳 192席
台北追緝令,林口昕境國賓影城,2024/10/01,15:15,7廳 196席
台北追緝令,林口昕境國賓影城,2024/10/01,16:15,2廳 192席
台北追緝令,林口昕境國賓影城,2024/10/01,17:10,7廳 196席
台北追緝令,林口昕境國賓影城,2024/10/01,18:10,2廳 192席
台北追緝令,林口昕境國賓影城,2024/10/01,19:05,7廳 196席
台北追緝令,林口昕境國賓影城,2024/10/01,20:05,2廳 192席
台北追緝令,林口昕境國賓影城,2024/10/01,21:00,7廳 196席
台北追緝令,林口昕境國賓影城,2024/10/01,22:00,2廳 192席
台北追緝令,林口昕境國賓影城,2024/10/01,22:55,7廳 196席
台北追緝令,國賓大戲院,2024/10/01,10:40,鉅院廳 745席
台北追緝令,國賓大戲院,2024/10/01,12:40,鉅院廳 745席
台北追緝令,國賓大戲院,2024/10/01,14:40,鉅院廳 745席
台北追緝令,國賓大戲院,2024/10/01,16:50,2廳 97席
台北追緝令,國賓大戲院,2024/10/01,19:00,2廳 97席
台北追緝令,國賓大戲院,2024/10/01,21:00,2廳 97席
台北追緝令,國賓大戲院,2024/10/01,22:00,鉅院廳 745席
台北追緝令,淡水禮萊國賓影城,2024/10/01,13:20,1廳 163席
台北追緝令,淡水禮萊國賓影城,2024/10/01,14:20,2廳 163席
台北追緝令,淡水禮萊國賓影城,2024/10/01,15:15,1廳 163席
台北追緝令,淡水禮萊國賓影城,2024/10/01,16:15,2廳 163席
台北追緝令,淡水禮萊國賓影城,2024/10/01,17:10,1廳 163席
台北追緝令,淡水禮萊國賓影城,2024/10/01,18:10,2廳 163席
台北追緝令,淡水禮萊國賓影城,2024/10/01,19:05,1廳 163席
台北追緝令,淡水禮萊國賓影城,2024/10/01,20:05,2廳 163席
台北追緝令,淡水禮萊國賓影城,2024/10/01,21:00,1廳 163席
台北追緝令,淡水禮萊國賓影城,2024/10/01,22:00,2廳 163席
台北追緝令,淡水禮萊國賓影城,2024/10/01,22:55,1廳 163席
台北追緝令,新莊晶冠國賓影城,2024/10/01,10:50,8廳 75席
台北追緝令,新莊晶冠國賓影城,2024/10/01,12:45,8廳 75席
台北追緝令,新莊晶冠國賓影城,2024/10/01,13:25,10廳 74席
台北追緝令,新莊晶冠國賓影城,2024/10/01,14:40,8廳 75席
台北追緝令,新莊晶冠國賓影城,2024/10/01,15:20,10廳 74席
台北追緝令,新莊晶冠國賓影城,2024/10/01,16:35,8廳 75席
台北追緝令,新莊晶冠國賓影城,2024/10/01,17:15,10廳 74席
台北追緝令,新莊晶冠國賓影城,2024/10/01,18:30,8廳 75席
台北追緝令,新莊晶冠國賓影城,2024/10/01,19:10,10廳 74席
台北追緝令,新莊晶冠國賓影城,2024/10/01,20:25,8廳 75席
台北追緝令,新莊晶冠國賓影城,2024/10/01,21:05,10廳 74席
台北追緝令,新莊晶冠國賓影城,2024/10/01,22:20,8廳 75席
台北追緝令,新莊晶冠國賓影城,2024/10/01,23:00,10廳 74席
台北追緝令,新莊晶冠國賓影城,2024/10/01,14:00,B廳 31席
台北追緝令,新莊晶冠國賓影城,2024/10/01,16:00,B廳 31席
台北追緝令,新莊晶冠國賓影城,2024/10/01,17:55,B廳 31席
台北追緝令,新莊晶冠國賓影城,2024/10/01,19:50,B廳 31席
台北追緝令,新莊晶冠國賓影城,2024/10/01,21:45,B廳 31席
台北追緝令,八德廣豐國賓影城,2024/10/01,11:30,2廳 223席
台北追緝令,八德廣豐國賓影城,2024/10/01,13:25,2廳 223席
台北追緝令,八德廣豐國賓影城,2024/10/01,15:20,2廳 223席
台北追緝令,八德廣豐國賓影城,2024/10/01,17:15,2廳 223席
台北追緝令,八德廣豐國賓影城,2024/10/01,19:10,2廳 223席
台北追緝令,八德廣豐國賓影城,2024/10/01,21:05,2廳 223席
台北追緝令,八德廣豐國賓影城,2024/10/01,23:00,2廳 223席
台北追緝令,台南國賓影城,2024/10/01,10:50,A廳 495席
台北追緝令,台南國賓影城,2024/10/01,12:45,A廳 495席
台北追緝令,台南國賓影城,2024/10/01,13:40,6廳 168席
台北追緝令,台南國賓影城,2024/10/01,14:40,A廳 495席
台北追緝令,台南國賓影城,2024/10/01,15:35,6廳 168席
台北追緝令,台南國賓影城,2024/10/01,16:35,A廳 495席
台北追緝令,台南國賓影城,2024/10/01,17:30,6廳 168席
台北追緝令,台南國賓影城,2024/10/01,18:30,A廳 495席
台北追緝令,台南國賓影城,2024/10/01,19:10,E廳 202席
台北追緝令,台南國賓影城,2024/10/01,19:45,2廳 27席
台北追緝令,台南國賓影城,2024/10/01,20:25,A廳 495席
台北追緝令,台南國賓影城,2024/10/01,21:05,E廳 202席
台北追緝令,台南國賓影城,2024/10/01,21:40,2廳 27席
台北追緝令,台南國賓影城,2024/10/01,22:20,A廳 495席
台北追緝令,台南國賓影城,2024/10/01,23:00,E廳 202席
台北追緝令,高雄草衙道國賓影城,2024/10/01,13:20,1廳 187席
台北追緝令,高雄草衙道國賓影城,2024/10/01,15:15,1廳 187席
台北追緝令,高雄草衙道國賓影城,2024/10/01,16:15,2廳 187席
台北追緝令,高雄草衙道國賓影城,2024/10/01,17:10,1廳 187席
台北追緝令,高雄草衙道國賓影城,2024/10/01,18:10,2廳 187席
台北追緝令,高雄草衙道國賓影城,2024/10/01,19:05,1廳 187席
台北追緝令,高雄草衙道國賓影城,2024/10/01,19:40,6廳 187席
台北追緝令,高雄草衙道國賓影城,2024/10/01,20:15,2廳 187席
台北追緝令,高雄草衙道國賓影城,2024/10/01,21:00,1廳 187席
台北追緝令,高雄草衙道國賓影城,2024/10/01,21:35,6廳 187席
台北追緝令,高雄草衙道國賓影城,2024/10/01,22:10,2廳 187席
台北追緝令,高雄草衙道國賓影城,2024/10/01,22:55,1廳 187席
台北追緝令,高雄義大國賓影城,2024/10/01,13:20,8廳 346席
台北追緝令,高雄義大國賓影城,2024/10/01,15:15,8廳 346席
台北追緝令,高雄義大國賓影城,2024/10/01,17:10,8廳 346席
台北追緝令,高雄義大國賓影城,2024/10/01,19:05,8廳 346席
台北追緝令,高雄義大國賓影城,2024/10/01,19:40,3廳 207席
台北追緝令,高雄義大國賓影城,2024/10/01,21:00,8廳 346席
台北追緝令,高雄義大國賓影城,2024/10/01,21:35,3廳 207席
台北追緝令,高雄義大國賓影城,2024/10/01,22:55,8廳 346席
台北追緝令,高雄義大國賓影城,2024/10/01,16:15,A廳 33席
台北追緝令,高雄義大國賓影城,2024/10/01,18:10,A廳 33席
台北追緝令,高雄義大國賓影城,2024/10/01,20:15,A廳 33席
台北追緝令,高雄義大國賓影城,2024/10/01,22:10,A廳 33席
台北追緝令,屏東環球國賓影城,2024/10/01,10:30,4廳 163席
台北追緝令,屏東環球國賓影城,2024/10/01,12:25,4廳 163席
台北追緝令,屏東環球國賓影城,2024/10/01,14:20,4廳 163席
台北追緝令,屏東環球國賓影城,2024/10/01,16:15,4廳 163席
台北追緝令,屏東環球國賓影城,2024/10/01,17:05,3廳 217席
台北追緝令,屏東環球國賓影城,2024/10/01,18:10,4廳 163席
台北追緝令,屏東環球國賓影城,2024/10/01,20:05,4廳 163席
台北追緝令,屏東環球國賓影城,2024/10/01,21:05,3廳 217席
台北追緝令,屏東環球國賓影城,2024/10/01,22:00,4廳 163席
台北追緝令,屏東環球國賓影城,2024/10/01,23:00,3廳 217席
台北追緝令,金門昇恆昌國賓影城,2024/10/01,14:00,2廳 131席
台北追緝令,金門昇恆昌國賓影城,2024/10/01,16:00,2廳 131席
台北追緝令,金門昇恆昌國賓影城,2024/10/01,18:00,2廳 131席
台北追緝令,金門昇恆昌國賓影城,2024/10/01,19:20,6廳 106席
台北追緝令,金門昇恆昌國賓影城,2024/10/01,20:30,2廳 131席
台北追緝令,台北長春國賓影城,2024/10/02,10:50,B廳 114席
台北追緝令,台北長春國賓影城,2024/10/02,12:45,B廳 114席
台北追緝令,台北長春國賓影城,2024/10/02,14:40,B廳 114席
台北追緝令,台北長春國賓影城,2024/10/02,16:35,B廳 114席
台北追緝令,台北長春國賓影城,2024/10/02,18:30,B廳 114席
台北追緝令,台北長春國賓影城,2024/10/02,20:25,B廳 114席
台北追緝令,台北長春國賓影城,2024/10/02,22:20,B廳 114席
台北追緝令,國賓大戲院,2024/10/02,10:30,2廳 97席
台北追緝令,國賓大戲院,2024/10/02,12:50,3廳 102席
台北追緝令,國賓大戲院,2024/10/02,14:50,3廳 102席
台北追緝令,國賓大戲院,2024/10/02,19:00,3廳 102席
台北追緝令,國賓大戲院,2024/10/02,22:30,2廳 97席
台北追緝令,新莊晶冠國賓影城,2024/10/02,11:30,10廳 74席
台北追緝令,新莊晶冠國賓影城,2024/10/02,13:25,10廳 74席
台北追緝令,新莊晶冠國賓影城,2024/10/02,15:20,10廳 74席
台北追緝令,新莊晶冠國賓影城,2024/10/02,17:15,10廳 74席
台北追緝令,新莊晶冠國賓影城,2024/10/02,19:10,10廳 74席
台北追緝令,新莊晶冠國賓影城,2024/10/02,21:05,10廳 74席
台北追緝令,新莊晶冠國賓影城,2024/10/02,23:00,10廳 74席
台北追緝令,高雄草衙道國賓影城,2024/10/02,13:20,1廳 187席
台北追緝令,高雄草衙道國賓影城,2024/10/02,15:15,1廳 187席
台北追緝令,高雄草衙道國賓影城,2024/10/02,17:10,1廳 187席
台北追緝令,高雄草衙道國賓影城,2024/10/02,19:05,1廳 187席
台北追緝令,高雄草衙道國賓影城,2024/10/02,20:00,6廳 187席
台北追緝令,高雄草衙道國賓影城,2024/10/02,21:00,1廳 187席
台北追緝令,高雄草衙道國賓影城,2024/10/02,22:00,6廳 187席
台北追緝令,高雄草衙道國賓影城,2024/10/02,22:55,1廳 187席
台北追緝令,高雄義大國賓影城,2024/10/02,20:00,3廳 207席
台北追緝令,高雄義大國賓影城,2024/10/02,22:00,3廳 207席
台北追緝令,金門昇恆昌國賓影城,2024/10/02,14:30,6廳 106席
台北追緝令,金門昇恆昌國賓影城,2024/10/02,16:25,6廳 106席
台北追緝令,金門昇恆昌國賓影城,2024/10/02,18:20,6廳 106席
台北追緝令,金門昇恆昌國賓影城,2024/10/02,20:15,6廳 106席
台北追緝令,台北長春國賓影城,2024/10/03,10:50,B廳 114席
台北追緝令,台北長春國賓影城,2024/10/03,12:45,B廳 114席
台北追緝令,台北長春國賓影城,2024/10/03,14:40,B廳 114席
台北追緝令,台北長春國賓影城,2024/10/03,16:35,B廳 114席
台北追緝令,台北長春國賓影城,2024/10/03,18:30,B廳 114席
台北追緝令,台北長春國賓影城,2024/10/03,20:25,B廳 114席
台北追緝令,台北長春國賓影城,2024/10/03,22:20,B廳 114席
台北追緝令,國賓大戲院,2024/10/03,10:30,2廳 97席
台北追緝令,國賓大戲院,2024/10/03,12:50,3廳 102席
台北追緝令,國賓大戲院,2024/10/03,14:50,3廳 102席
台北追緝令,國賓大戲院,2024/10/03,19:00,3廳 102席
台北追緝令,國賓大戲院,2024/10/03,22:30,2廳 97席
台北追緝令,新莊晶冠國賓影城,2024/10/03,11:30,10廳 74席
台北追緝令,新莊晶冠國賓影城,2024/10/03,13:25,10廳 74席
台北追緝令,新莊晶冠國賓影城,2024/10/03,15:20,10廳 74席
台北追緝令,新莊晶冠國賓影城,2024/10/03,17:15,10廳 74席
台北追緝令,新莊晶冠國賓影城,2024/10/03,19:10,10廳 74席
台北追緝令,新莊晶冠國賓影城,2024/10/03,21:05,10廳 74席
台北追緝令,新莊晶冠國賓影城,2024/10/03,23:00,10廳 74席
台北追緝令,高雄草衙道國賓影城,2024/10/03,13:20,1廳 187席
台北追緝令,高雄草衙道國賓影城,2024/10/03,15:15,1廳 187席
台北追緝令,高雄草衙道國賓影城,2024/10/03,17:10,1廳 187席
台北追緝令,高雄草衙道國賓影城,2024/10/03,19:05,1廳 187席
台北追緝令,高雄草衙道國賓影城,2024/10/03,20:00,6廳 187席
台北追緝令,高雄草衙道國賓影城,2024/10/03,21:00,1廳 187席
台北追緝令,高雄草衙道國賓影城,2024/10/03,22:00,6廳 187席
台北追緝令,高雄草衙道國賓影城,2024/10/03,22:55,1廳 187席
台北追緝令,高雄義大國賓影城,2024/10/03,20:00,3廳 207席
台北追緝令,高雄義大國賓影城,2024/10/03,22:00,3廳 207席
台北追緝令,金門昇恆昌國賓影城,2024/10/03,14:30,6廳 106席
台北追緝令,金門昇恆昌國賓影城,2024/10/03,16:25,6廳 106席
台北追緝令,金門昇恆昌國賓影城,2024/10/03,18:20,6廳 106席
台北追緝令,金門昇恆昌國賓影城,2024/10/03,20:15,6廳 106席
小丑,國賓大戲院,2024/09/30,16:40,鉅院廳 745席
小丑,國賓大戲院,2024/10/01,16:40,鉅院廳 745席
腦筋急轉彎2,台北長春國賓影城,2024/09/30,16:25,13廳 36席
腦筋急轉彎2,台北長春國賓影城,2024/10/01,16:25,13廳 36席
腦筋急轉彎2,台北長春國賓影城,2024/10/02,16:25,13廳 36席
腦筋急轉彎2,台北長春國賓影城,2024/10/03,16:25,13廳 36席
首爾單身日記,台北長春國賓影城,2024/09/30,15:40,6廳 36席
首爾單身日記,林口昕境國賓影城,2024/09/30,18:10,6廳 105席
首爾單身日記,淡水禮萊國賓影城,2024/09/30,16:10,8廳 98席
首爾單身日記,淡水禮萊國賓影城,2024/09/30,21:30,4廳 94席
首爾單身日記,新莊晶冠國賓影城,2024/09/30,17:20,7廳 58席
首爾單身日記,八德廣豐國賓影城,2024/09/30,12:50,4廳 205席
首爾單身日記,台南國賓影城,2024/09/30,18:30,7廳 107席
首爾單身日記,高雄草衙道國賓影城,2024/09/30,21:30,10廳 203席
首爾單身日記,高雄義大國賓影城,2024/09/30,19:25,B廳 35席
首爾單身日記,屏東環球國賓影城,2024/09/30,17:10,5廳 181席
首爾單身日記,金門昇恆昌國賓影城,2024/09/30,16:10,1廳 91席
首爾單身日記,台北長春國賓影城,2024/10/01,15:40,6廳 36席
首爾單身日記,林口昕境國賓影城,2024/10/01,18:10,6廳 105席
首爾單身日記,淡水禮萊國賓影城,2024/10/01,16:10,8廳 98席
首爾單身日記,淡水禮萊國賓影城,2024/10/01,21:30,4廳 94席
首爾單身日記,新莊晶冠國賓影城,2024/10/01,17:20,7廳 58席
首爾單身日記,八德廣豐國賓影城,2024/10/01,12:50,4廳 205席
首爾單身日記,台南國賓影城,2024/10/01,18:30,7廳 107席
首爾單身日記,高雄草衙道國賓影城,2024/10/01,21:30,10廳 203席
首爾單身日記,高雄義大國賓影城,2024/10/01,19:25,B廳 35席
首爾單身日記,屏東環球國賓影城,2024/10/01,17:10,5廳 181席
首爾單身日記,金門昇恆昌國賓影城,2024/10/01,16:10,1廳 91席
首爾單身日記,台北長春國賓影城,2024/10/02,15:40,6廳 36席
首爾單身日記,林口昕境國賓影城,2024/10/02,18:05,6廳 105席
首爾單身日記,新莊晶冠國賓影城,2024/10/02,17:30,7廳 58席
首爾單身日記,八德廣豐國賓影城,2024/10/02,12:50,4廳 205席
首爾單身日記,台南國賓影城,2024/10/02,18:40,7廳 107席
首爾單身日記,高雄義大國賓影城,2024/10/02,19:45,B廳 35席
首爾單身日記,金門昇恆昌國賓影城,2024/10/02,17:30,1廳 91席
首爾單身日記,台北長春國賓影城,2024/10/03,15:40,6廳 36席
首爾單身日記,林口昕境國賓影城,2024/10/03,18:05,6廳 105席
首爾單身日記,新莊晶冠國賓影城,2024/10/03,17:30,7廳 58席
首爾單身日記,八德廣豐國賓影城,2024/10/03,12:50,4廳 205席
首爾單身日記,台南國賓影城,2024/10/03,18:40,7廳 107席
首爾單身日記,高雄義大國賓影城,2024/10/03,19:45,B廳 35席
首爾單身日記,金門昇恆昌國賓影城,2024/10/03,17:30,1廳 91席
種土,台北長春國賓影城,2024/09/30,14:00,11廳 33席
種土,台北長春國賓影城,2024/09/30,19:15,11廳 33席
種土,林口昕境國賓影城,2024/09/30,14:10,1廳 86席
種土,淡水禮萊國賓影城,2024/09/30,14:10,5廳 82席
種土,淡水禮萊國賓影城,2024/09/30,19:00,5廳 82席
種土,新莊晶冠國賓影城,2024/09/30,13:10,2廳 58席
種土,新莊晶冠國賓影城,2024/09/30,17:50,2廳 58席
種土,八德廣豐國賓影城,2024/09/30,10:30,6廳 185席
種土,台南國賓影城,2024/09/30,16:20,3廳 138席
種土,台南國賓影城,2024/09/30,21:00,3廳 138席
種土,高雄義大國賓影城,2024/09/30,14:20,B廳 35席
種土,台北長春國賓影城,2024/10/01,14:00,11廳 33席
種土,台北長春國賓影城,2024/10/01,19:15,11廳 33席
種土,林口昕境國賓影城,2024/10/01,14:10,1廳 86席
種土,淡水禮萊國賓影城,2024/10/01,14:10,5廳 82席
種土,淡水禮萊國賓影城,2024/10/01,19:00,5廳 82席
種土,新莊晶冠國賓影城,2024/10/01,13:10,2廳 58席
種土,新莊晶冠國賓影城,2024/10/01,17:50,2廳 58席
種土,八德廣豐國賓影城,2024/10/01,10:30,6廳 185席
種土,台南國賓影城,2024/10/01,16:20,3廳 138席
種土,台南國賓影城,2024/10/01,21:00,3廳 138席
種土,高雄義大國賓影城,2024/10/01,14:20,B廳 35席
種土,台北長春國賓影城,2024/10/02,14:00,11廳 33席
種土,台北長春國賓影城,2024/10/02,19:15,11廳 33席
種土,林口昕境國賓影城,2024/10/02,17:40,1廳 86席
種土,淡水禮萊國賓影城,2024/10/02,17:40,5廳 82席
種土,新莊晶冠國賓影城,2024/10/02,13:30,2廳 58席
種土,八德廣豐國賓影城,2024/10/02,12:10,6廳 185席
種土,高雄義大國賓影城,2024/10/02,14:40,B廳 35席
種土,台北長春國賓影城,2024/10/03,19:15,11廳 33席
種土,林口昕境國賓影城,2024/10/03,17:40,1廳 86席
種土,淡水禮萊國賓影城,2024/10/03,17:40,5廳 82席
種土,新莊晶冠國賓影城,2024/10/03,13:30,2廳 58席
種土,八德廣豐國賓影城,2024/10/03,12:10,6廳 185席
種土,高雄義大國賓影城,2024/10/03,14:40,B廳 35席
屍控戰場,台北長春國賓影城,2024/09/30,15:30,7廳 44席
屍控戰場,台北長春國賓影城,2024/09/30,22:00,7廳 44席
屍控戰場,林口昕境國賓影城,2024/09/30,16:05,6廳 105席
屍控戰場,林口昕境國賓影城,2024/09/30,19:00,1廳 86席
屍控戰場,林口昕境國賓影城,2024/09/30,22:10,6廳 105席
屍控戰場,淡水禮萊國賓影城,2024/09/30,22:30,6廳 106席
屍控戰場,金門昇恆昌國賓影城,2024/09/30,22:30,6廳 106席
屍控戰場,新莊晶冠國賓影城,2024/09/30,15:45,2廳 58席
屍控戰場,新莊晶冠國賓影城,2024/09/30,20:25,2廳 58席
屍控戰場,新莊晶冠國賓影城,2024/09/30,22:30,2廳 58席
屍控戰場,八德廣豐國賓影城,2024/09/30,12:35,5廳 185席
屍控戰場,八德廣豐國賓影城,2024/09/30,18:30,5廳 185席
屍控戰場,八德廣豐國賓影城,2024/09/30,23:00,3廳 203席
屍控戰場,台南國賓影城,2024/09/30,14:00,7廳 107席
屍控戰場,台南國賓影城,2024/09/30,19:25,6廳 168席
屍控戰場,台南國賓影城,2024/09/30,21:30,6廳 168席
屍控戰場,高雄草衙道國賓影城,2024/09/30,16:00,4廳 187席
屍控戰場,高雄草衙道國賓影城,2024/09/30,20:10,4廳 187席
屍控戰場,高雄義大國賓影城,2024/09/30,16:00,7廳 186席
屍控戰場,高雄義大國賓影城,2024/09/30,20:10,7廳 186席
屍控戰場,屏東環球國賓影城,2024/09/30,20:40,1廳 208席
屍控戰場,淡水禮萊國賓影城,2024/09/30,15:10,6廳 106席
屍控戰場,金門昇恆昌國賓影城,2024/09/30,15:10,6廳 106席
屍控戰場,台北長春國賓影城,2024/10/01,15:30,7廳 44席
屍控戰場,台北長春國賓影城,2024/10/01,22:00,7廳 44席
屍控戰場,林口昕境國賓影城,2024/10/01,16:05,6廳 105席
屍控戰場,林口昕境國賓影城,2024/10/01,19:00,1廳 86席
屍控戰場,林口昕境國賓影城,2024/10/01,22:10,6廳 105席
屍控戰場,淡水禮萊國賓影城,2024/10/01,22:30,6廳 106席
屍控戰場,金門昇恆昌國賓影城,2024/10/01,22:30,6廳 106席
屍控戰場,新莊晶冠國賓影城,2024/10/01,15:45,2廳 58席
屍控戰場,新莊晶冠國賓影城,2024/10/01,20:25,2廳 58席
屍控戰場,新莊晶冠國賓影城,2024/10/01,22:30,2廳 58席
屍控戰場,八德廣豐國賓影城,2024/10/01,12:35,5廳 185席
屍控戰場,八德廣豐國賓影城,2024/10/01,18:30,5廳 185席
屍控戰場,八德廣豐國賓影城,2024/10/01,23:00,3廳 203席
屍控戰場,台南國賓影城,2024/10/01,14:00,7廳 107席
屍控戰場,台南國賓影城,2024/10/01,19:25,6廳 168席
屍控戰場,台南國賓影城,2024/10/01,21:30,6廳 168席
屍控戰場,高雄草衙道國賓影城,2024/10/01,16:00,4廳 187席
屍控戰場,高雄草衙道國賓影城,2024/10/01,20:10,4廳 187席
屍控戰場,高雄義大國賓影城,2024/10/01,16:00,7廳 186席
屍控戰場,高雄義大國賓影城,2024/10/01,20:10,7廳 186席
屍控戰場,屏東環球國賓影城,2024/10/01,20:40,1廳 208席
屍控戰場,淡水禮萊國賓影城,2024/10/01,15:10,6廳 106席
屍控戰場,金門昇恆昌國賓影城,2024/10/01,15:10,6廳 106席
屍控戰場,台北長春國賓影城,2024/10/02,15:30,7廳 44席
屍控戰場,台北長春國賓影城,2024/10/02,22:10,7廳 44席
屍控戰場,林口昕境國賓影城,2024/10/02,22:00,6廳 105席
屍控戰場,新莊晶冠國賓影城,2024/10/02,18:10,2廳 58席
屍控戰場,新莊晶冠國賓影城,2024/10/02,22:20,2廳 58席
屍控戰場,八德廣豐國賓影城,2024/10/02,14:40,5廳 185席
屍控戰場,八德廣豐國賓影城,2024/10/02,18:40,5廳 185席
屍控戰場,台南國賓影城,2024/10/02,14:00,7廳 107席
屍控戰場,高雄草衙道國賓影城,2024/10/02,16:00,4廳 187席
屍控戰場,高雄草衙道國賓影城,2024/10/02,20:15,4廳 187席
屍控戰場,高雄義大國賓影城,2024/10/02,16:00,7廳 186席
屍控戰場,高雄義大國賓影城,2024/10/02,20:20,7廳 186席
屍控戰場,台北長春國賓影城,2024/10/03,15:30,7廳 44席
屍控戰場,台北長春國賓影城,2024/10/03,22:10,7廳 44席
屍控戰場,林口昕境國賓影城,2024/10/03,22:00,6廳 105席
屍控戰場,新莊晶冠國賓影城,2024/10/03,18:10,2廳 58席
屍控戰場,新莊晶冠國賓影城,2024/10/03,22:20,2廳 58席
屍控戰場,八德廣豐國賓影城,2024/10/03,14:40,5廳 185席
屍控戰場,八德廣豐國賓影城,2024/10/03,18:40,5廳 185席
屍控戰場,台南國賓影城,2024/10/03,14:00,7廳 107席
屍控戰場,高雄草衙道國賓影城,2024/10/03,16:00,4廳 187席
屍控戰場,高雄草衙道國賓影城,2024/10/03,20:15,4廳 187席
屍控戰場,高雄義大國賓影城,2024/10/03,16:00,7廳 186席
屍控戰場,高雄義大國賓影城,2024/10/03,20:20,7廳 186席
我的英雄學院劇場版：You’re Next,台北長春國賓影城,2024/09/30,11:00,3廳 41席
我的英雄學院劇場版：You’re Next,台北長春國賓影城,2024/09/30,15:00,3廳 41席
我的英雄學院劇場版：You’re Next,台北長春國賓影城,2024/09/30,19:15,12廳 35席
我的英雄學院劇場版：You’re Next,林口昕境國賓影城,2024/09/30,15:40,4廳 104席
我的英雄學院劇場版：You’re Next,林口昕境國賓影城,2024/09/30,19:45,4廳 104席
我的英雄學院劇場版：You’re Next,國賓大戲院,2024/09/30,12:40,2廳 97席
我的英雄學院劇場版：You’re Next,國賓大戲院,2024/09/30,18:50,2廳 97席
我的英雄學院劇場版：You’re Next,淡水禮萊國賓影城,2024/09/30,15:40,7廳 106席
我的英雄學院劇場版：You’re Next,淡水禮萊國賓影城,2024/09/30,19:45,7廳 106席
我的英雄學院劇場版：You’re Next,新莊晶冠國賓影城,2024/09/30,11:10,7廳 58席
我的英雄學院劇場版：You’re Next,新莊晶冠國賓影城,2024/09/30,15:15,7廳 58席
我的英雄學院劇場版：You’re Next,新莊晶冠國賓影城,2024/09/30,19:20,7廳 58席
我的英雄學院劇場版：You’re Next,八德廣豐國賓影城,2024/09/30,11:20,1廳 205席
我的英雄學院劇場版：You’re Next,八德廣豐國賓影城,2024/09/30,15:20,1廳 205席
我的英雄學院劇場版：You’re Next,八德廣豐國賓影城,2024/09/30,19:25,1廳 205席
我的英雄學院劇場版：You’re Next,台南國賓影城,2024/09/30,13:10,4廳 94席
我的英雄學院劇場版：You’re Next,台南國賓影城,2024/09/30,19:40,4廳 94席
我的英雄學院劇場版：You’re Next,高雄草衙道國賓影城,2024/09/30,13:50,4廳 187席
我的英雄學院劇場版：You’re Next,高雄草衙道國賓影城,2024/09/30,18:05,4廳 187席
我的英雄學院劇場版：You’re Next,高雄義大國賓影城,2024/09/30,13:50,7廳 186席
我的英雄學院劇場版：You’re Next,高雄義大國賓影城,2024/09/30,18:05,7廳 186席
我的英雄學院劇場版：You’re Next,屏東環球國賓影城,2024/09/30,10:50,5廳 181席
我的英雄學院劇場版：You’re Next,屏東環球國賓影城,2024/09/30,15:00,5廳 181席
我的英雄學院劇場版：You’re Next,屏東環球國賓影城,2024/09/30,19:10,5廳 181席
我的英雄學院劇場版：You’re Next,金門昇恆昌國賓影城,2024/09/30,14:20,4廳 101席
我的英雄學院劇場版：You’re Next,金門昇恆昌國賓影城,2024/09/30,18:20,4廳 101席
我的英雄學院劇場版：You’re Next,台北長春國賓影城,2024/10/01,11:20,3廳 41席
我的英雄學院劇場版：You’re Next,台北長春國賓影城,2024/10/01,15:20,3廳 41席
我的英雄學院劇場版：You’re Next,台北長春國賓影城,2024/10/01,19:30,3廳 41席
我的英雄學院劇場版：You’re Next,林口昕境國賓影城,2024/10/01,15:40,4廳 104席
我的英雄學院劇場版：You’re Next,林口昕境國賓影城,2024/10/01,19:45,4廳 104席
我的英雄學院劇場版：You’re Next,國賓大戲院,2024/10/01,12:40,2廳 97席
我的英雄學院劇場版：You’re Next,淡水禮萊國賓影城,2024/10/01,15:40,7廳 106席
我的英雄學院劇場版：You’re Next,淡水禮萊國賓影城,2024/10/01,19:45,7廳 106席
我的英雄學院劇場版：You’re Next,新莊晶冠國賓影城,2024/10/01,11:10,7廳 58席
我的英雄學院劇場版：You’re Next,新莊晶冠國賓影城,2024/10/01,15:15,7廳 58席
我的英雄學院劇場版：You’re Next,新莊晶冠國賓影城,2024/10/01,19:20,7廳 58席
我的英雄學院劇場版：You’re Next,八德廣豐國賓影城,2024/10/01,11:20,1廳 205席
我的英雄學院劇場版：You’re Next,八德廣豐國賓影城,2024/10/01,15:20,1廳 205席
我的英雄學院劇場版：You’re Next,八德廣豐國賓影城,2024/10/01,19:25,1廳 205席
我的英雄學院劇場版：You’re Next,台南國賓影城,2024/10/01,13:10,4廳 94席
我的英雄學院劇場版：You’re Next,台南國賓影城,2024/10/01,19:40,4廳 94席
我的英雄學院劇場版：You’re Next,高雄草衙道國賓影城,2024/10/01,13:50,4廳 187席
我的英雄學院劇場版：You’re Next,高雄草衙道國賓影城,2024/10/01,18:05,4廳 187席
我的英雄學院劇場版：You’re Next,高雄義大國賓影城,2024/10/01,13:50,7廳 186席
我的英雄學院劇場版：You’re Next,高雄義大國賓影城,2024/10/01,18:05,7廳 186席
我的英雄學院劇場版：You’re Next,屏東環球國賓影城,2024/10/01,10:50,5廳 181席
我的英雄學院劇場版：You’re Next,屏東環球國賓影城,2024/10/01,15:00,5廳 181席
我的英雄學院劇場版：You’re Next,屏東環球國賓影城,2024/10/01,19:10,5廳 181席
我的英雄學院劇場版：You’re Next,金門昇恆昌國賓影城,2024/10/01,14:20,4廳 101席
我的英雄學院劇場版：You’re Next,金門昇恆昌國賓影城,2024/10/01,18:20,4廳 101席
我的英雄學院劇場版：You’re Next,台北長春國賓影城,2024/10/02,14:40,3廳 41席
我的英雄學院劇場版：You’re Next,台北長春國賓影城,2024/10/02,18:50,3廳 41席
我的英雄學院劇場版：You’re Next,新莊晶冠國賓影城,2024/10/02,15:25,7廳 58席
我的英雄學院劇場版：You’re Next,新莊晶冠國賓影城,2024/10/02,19:30,7廳 58席
我的英雄學院劇場版：You’re Next,八德廣豐國賓影城,2024/10/02,13:05,1廳 205席
我的英雄學院劇場版：You’re Next,八德廣豐國賓影城,2024/10/02,17:25,1廳 205席
我的英雄學院劇場版：You’re Next,台南國賓影城,2024/10/02,13:10,4廳 94席
我的英雄學院劇場版：You’re Next,台南國賓影城,2024/10/02,19:40,4廳 94席
我的英雄學院劇場版：You’re Next,高雄草衙道國賓影城,2024/10/02,13:50,4廳 187席
我的英雄學院劇場版：You’re Next,高雄草衙道國賓影城,2024/10/02,18:10,4廳 187席
我的英雄學院劇場版：You’re Next,高雄義大國賓影城,2024/10/02,13:50,7廳 186席
我的英雄學院劇場版：You’re Next,高雄義大國賓影城,2024/10/02,18:10,7廳 186席
我的英雄學院劇場版：You’re Next,金門昇恆昌國賓影城,2024/10/02,14:00,4廳 101席
我的英雄學院劇場版：You’re Next,台北長春國賓影城,2024/10/03,14:40,3廳 41席
我的英雄學院劇場版：You’re Next,台北長春國賓影城,2024/10/03,18:50,3廳 41席
我的英雄學院劇場版：You’re Next,新莊晶冠國賓影城,2024/10/03,15:25,7廳 58席
我的英雄學院劇場版：You’re Next,新莊晶冠國賓影城,2024/10/03,19:30,7廳 58席
我的英雄學院劇場版：You’re Next,八德廣豐國賓影城,2024/10/03,13:05,1廳 205席
我的英雄學院劇場版：You’re Next,八德廣豐國賓影城,2024/10/03,17:25,1廳 205席
我的英雄學院劇場版：You’re Next,台南國賓影城,2024/10/03,13:10,4廳 94席
我的英雄學院劇場版：You’re Next,台南國賓影城,2024/10/03,19:40,4廳 94席
我的英雄學院劇場版：You’re Next,高雄草衙道國賓影城,2024/10/03,13:50,4廳 187席
我的英雄學院劇場版：You’re Next,高雄草衙道國賓影城,2024/10/03,18:10,4廳 187席
我的英雄學院劇場版：You’re Next,高雄義大國賓影城,2024/10/03,13:50,7廳 186席
我的英雄學院劇場版：You’re Next,高雄義大國賓影城,2024/10/03,18:10,7廳 186席
我的英雄學院劇場版：You’re Next,金門昇恆昌國賓影城,2024/10/03,14:00,4廳 101席
我變笨了，請多多指教：媽媽 歡迎回來,台北長春國賓影城,2024/09/30,17:20,12廳 35席
我變笨了，請多多指教：媽媽 歡迎回來,台北長春國賓影城,2024/10/01,17:20,12廳 35席
我變笨了，請多多指教：媽媽 歡迎回來,台北長春國賓影城,2024/10/02,17:20,12廳 35席
我變笨了，請多多指教：媽媽 歡迎回來,台北長春國賓影城,2024/10/03,17:20,12廳 35席
流氓驅魔師,台北長春國賓影城,2024/09/30,19:45,6廳 36席
流氓驅魔師,新莊晶冠國賓影城,2024/09/30,15:40,1廳 58席
流氓驅魔師,新莊晶冠國賓影城,2024/09/30,19:45,1廳 58席
流氓驅魔師,台南國賓影城,2024/09/30,15:15,4廳 94席
流氓驅魔師,台南國賓影城,2024/09/30,21:50,4廳 94席
流氓驅魔師,台北長春國賓影城,2024/10/01,19:45,6廳 36席
流氓驅魔師,新莊晶冠國賓影城,2024/10/01,15:40,1廳 58席
流氓驅魔師,新莊晶冠國賓影城,2024/10/01,19:45,1廳 58席
流氓驅魔師,台南國賓影城,2024/10/01,15:15,4廳 94席
流氓驅魔師,台南國賓影城,2024/10/01,21:50,4廳 94席
流氓驅魔師,台北長春國賓影城,2024/10/02,21:50,6廳 36席
流氓驅魔師,新莊晶冠國賓影城,2024/10/02,15:40,1廳 58席
流氓驅魔師,新莊晶冠國賓影城,2024/10/02,19:45,1廳 58席
流氓驅魔師,台南國賓影城,2024/10/02,15:15,4廳 94席
流氓驅魔師,台南國賓影城,2024/10/02,21:50,4廳 94席
流氓驅魔師,台北長春國賓影城,2024/10/03,19:45,6廳 36席
流氓驅魔師,新莊晶冠國賓影城,2024/10/03,15:40,1廳 58席
流氓驅魔師,新莊晶冠國賓影城,2024/10/03,19:45,1廳 58席
流氓驅魔師,台南國賓影城,2024/10/03,15:15,4廳 94席
流氓驅魔師,台南國賓影城,2024/10/03,21:50,4廳 94席
200%小狼人,台北長春國賓影城,2024/09/30,13:05,3廳 41席
200%小狼人,林口昕境國賓影城,2024/09/30,13:40,4廳 104席
200%小狼人,八德廣豐國賓影城,2024/09/30,13:25,1廳 205席
200%小狼人,高雄草衙道國賓影城,2024/09/30,13:40,6廳 187席
200%小狼人,高雄義大國賓影城,2024/09/30,15:40,3廳 207席
200%小狼人,屏東環球國賓影城,2024/09/30,11:10,2廳 181席
200%小狼人,台北長春國賓影城,2024/10/01,13:25,3廳 41席
200%小狼人,林口昕境國賓影城,2024/10/01,13:40,4廳 104席
200%小狼人,八德廣豐國賓影城,2024/10/01,13:25,1廳 205席
200%小狼人,高雄草衙道國賓影城,2024/10/01,13:40,6廳 187席
200%小狼人,高雄義大國賓影城,2024/10/01,15:40,3廳 207席
200%小狼人,屏東環球國賓影城,2024/10/01,11:10,2廳 181席
200%小狼人,台北長春國賓影城,2024/10/02,11:30,3廳 41席
200%小狼人,八德廣豐國賓影城,2024/10/02,11:10,1廳 205席
200%小狼人,高雄草衙道國賓影城,2024/10/02,16:00,6廳 187席
200%小狼人,高雄義大國賓影城,2024/10/02,16:00,3廳 207席
200%小狼人,台北長春國賓影城,2024/10/03,11:30,3廳 41席
200%小狼人,八德廣豐國賓影城,2024/10/03,11:10,1廳 205席
200%小狼人,高雄草衙道國賓影城,2024/10/03,16:00,6廳 187席
200%小狼人,高雄義大國賓影城,2024/10/03,16:00,3廳 207席
小孩不笨3,台北長春國賓影城,2024/09/30,10:50,7廳 44席
小孩不笨3,新莊晶冠國賓影城,2024/09/30,17:30,11廳 75席
小孩不笨3,台南國賓影城,2024/09/30,17:15,4廳 94席
小孩不笨3,高雄草衙道國賓影城,2024/09/30,14:00,8廳 149席
小孩不笨3,高雄義大國賓影城,2024/09/30,17:00,B廳 35席
小孩不笨3,台北長春國賓影城,2024/10/01,10:50,7廳 44席
小孩不笨3,新莊晶冠國賓影城,2024/10/01,17:30,11廳 75席
小孩不笨3,台南國賓影城,2024/10/01,17:15,4廳 94席
小孩不笨3,高雄草衙道國賓影城,2024/10/01,19:00,8廳 149席
小孩不笨3,高雄義大國賓影城,2024/10/01,17:00,B廳 35席
小孩不笨3,台北長春國賓影城,2024/10/02,10:50,7廳 44席
小孩不笨3,台南國賓影城,2024/10/02,17:15,4廳 94席
小孩不笨3,高雄草衙道國賓影城,2024/10/02,17:20,8廳 149席
小孩不笨3,高雄義大國賓影城,2024/10/02,17:20,B廳 35席
小孩不笨3,台北長春國賓影城,2024/10/03,10:50,7廳 44席
小孩不笨3,台南國賓影城,2024/10/03,17:15,4廳 94席
小孩不笨3,高雄草衙道國賓影城,2024/10/03,17:20,8廳 149席
小孩不笨3,高雄義大國賓影城,2024/10/03,17:20,B廳 35席
我心裡的太陽,台北長春國賓影城,2024/09/30,13:30,10廳 34席
我心裡的太陽,台北長春國賓影城,2024/09/30,20:15,10廳 34席
我心裡的太陽,台北長春國賓影城,2024/10/01,13:30,10廳 34席
我心裡的太陽,台北長春國賓影城,2024/10/01,20:15,10廳 34席
我心裡的太陽,台北長春國賓影城,2024/10/02,13:30,10廳 34席
我心裡的太陽,台北長春國賓影城,2024/10/02,20:15,10廳 34席
我心裡的太陽,台北長春國賓影城,2024/10/03,13:30,10廳 34席
我心裡的太陽,台北長春國賓影城,2024/10/03,20:15,10廳 34席
變形金剛：源起,台北長春國賓影城,2024/09/30,13:10,1廳 145席
變形金剛：源起,台北長春國賓影城,2024/09/30,11:10,1廳 145席
變形金剛：源起,台北長春國賓影城,2024/09/30,15:10,1廳 145席
變形金剛：源起,台北長春國賓影城,2024/09/30,17:10,1廳 145席
變形金剛：源起,台北長春國賓影城,2024/09/30,20:00,7廳 44席
變形金剛：源起,林口昕境國賓影城,2024/09/30,17:30,3廳 105席
變形金剛：源起,林口昕境國賓影城,2024/09/30,13:30,3廳 105席
變形金剛：源起,林口昕境國賓影城,2024/09/30,15:30,3廳 105席
變形金剛：源起,林口昕境國賓影城,2024/09/30,19:30,3廳 105席
變形金剛：源起,林口昕境國賓影城,2024/09/30,21:30,3廳 105席
變形金剛：源起,國賓大戲院,2024/09/30,10:30,2廳 97席
變形金剛：源起,國賓大戲院,2024/09/30,14:50,2廳 97席
變形金剛：源起,國賓大戲院,2024/09/30,17:30,3廳 102席
變形金剛：源起,淡水禮萊國賓影城,2024/09/30,17:30,4廳 94席
變形金剛：源起,淡水禮萊國賓影城,2024/09/30,13:30,4廳 94席
變形金剛：源起,淡水禮萊國賓影城,2024/09/30,15:30,4廳 94席
變形金剛：源起,淡水禮萊國賓影城,2024/09/30,19:30,4廳 94席
變形金剛：源起,淡水禮萊國賓影城,2024/09/30,20:30,3廳 76席
變形金剛：源起,新莊晶冠國賓影城,2024/09/30,17:30,5廳 76席
變形金剛：源起,新莊晶冠國賓影城,2024/09/30,13:30,5廳 76席
變形金剛：源起,新莊晶冠國賓影城,2024/09/30,15:30,5廳 76席
變形金剛：源起,新莊晶冠國賓影城,2024/09/30,19:30,5廳 76席
變形金剛：源起,新莊晶冠國賓影城,2024/09/30,21:30,5廳 76席
變形金剛：源起,八德廣豐國賓影城,2024/09/30,11:00,3廳 203席
變形金剛：源起,八德廣豐國賓影城,2024/09/30,13:00,3廳 203席
變形金剛：源起,八德廣豐國賓影城,2024/09/30,17:00,3廳 203席
變形金剛：源起,八德廣豐國賓影城,2024/09/30,15:00,3廳 203席
變形金剛：源起,八德廣豐國賓影城,2024/09/30,19:00,3廳 203席
變形金剛：源起,八德廣豐國賓影城,2024/09/30,21:00,3廳 203席
變形金剛：源起,台南國賓影城,2024/09/30,11:10,E廳 202席
變形金剛：源起,台南國賓影城,2024/09/30,13:10,E廳 202席
變形金剛：源起,台南國賓影城,2024/09/30,15:10,E廳 202席
變形金剛：源起,台南國賓影城,2024/09/30,17:10,E廳 202席
變形金剛：源起,台南國賓影城,2024/09/30,19:00,3廳 138席
變形金剛：源起,高雄草衙道國賓影城,2024/09/30,17:30,10廳 203席
變形金剛：源起,高雄草衙道國賓影城,2024/09/30,13:30,10廳 203席
變形金剛：源起,高雄草衙道國賓影城,2024/09/30,15:30,10廳 203席
變形金剛：源起,高雄草衙道國賓影城,2024/09/30,19:30,10廳 203席
變形金剛：源起,高雄草衙道國賓影城,2024/09/30,20:30,9廳 203席
變形金剛：源起,高雄義大國賓影城,2024/09/30,17:30,1廳 144席
變形金剛：源起,高雄義大國賓影城,2024/09/30,13:30,1廳 144席
變形金剛：源起,高雄義大國賓影城,2024/09/30,15:30,1廳 144席
變形金剛：源起,高雄義大國賓影城,2024/09/30,19:30,1廳 144席
變形金剛：源起,高雄義大國賓影城,2024/09/30,21:30,1廳 144席
變形金剛：源起,屏東環球國賓影城,2024/09/30,12:40,1廳 208席
變形金剛：源起,屏東環球國賓影城,2024/09/30,16:40,1廳 208席
變形金剛：源起,屏東環球國賓影城,2024/09/30,10:40,1廳 208席
變形金剛：源起,屏東環球國賓影城,2024/09/30,14:40,1廳 208席
變形金剛：源起,屏東環球國賓影城,2024/09/30,18:40,1廳 208席
變形金剛：源起,金門昇恆昌國賓影城,2024/09/30,17:20,6廳 106席
變形金剛：源起,台北長春國賓影城,2024/10/01,13:10,1廳 145席
變形金剛：源起,台北長春國賓影城,2024/10/01,11:10,1廳 145席
變形金剛：源起,台北長春國賓影城,2024/10/01,15:10,1廳 145席
變形金剛：源起,台北長春國賓影城,2024/10/01,17:10,1廳 145席
變形金剛：源起,台北長春國賓影城,2024/10/01,20:00,7廳 44席
變形金剛：源起,林口昕境國賓影城,2024/10/01,17:30,3廳 105席
變形金剛：源起,林口昕境國賓影城,2024/10/01,13:30,3廳 105席
變形金剛：源起,林口昕境國賓影城,2024/10/01,15:30,3廳 105席
變形金剛：源起,林口昕境國賓影城,2024/10/01,19:30,3廳 105席
變形金剛：源起,林口昕境國賓影城,2024/10/01,21:30,3廳 105席
變形金剛：源起,國賓大戲院,2024/10/01,10:30,2廳 97席
變形金剛：源起,國賓大戲院,2024/10/01,14:50,2廳 97席
變形金剛：源起,淡水禮萊國賓影城,2024/10/01,17:30,4廳 94席
變形金剛：源起,淡水禮萊國賓影城,2024/10/01,13:30,4廳 94席
變形金剛：源起,淡水禮萊國賓影城,2024/10/01,15:30,4廳 94席
變形金剛：源起,淡水禮萊國賓影城,2024/10/01,19:30,4廳 94席
變形金剛：源起,淡水禮萊國賓影城,2024/10/01,20:30,3廳 76席
變形金剛：源起,新莊晶冠國賓影城,2024/10/01,13:30,5廳 76席
變形金剛：源起,新莊晶冠國賓影城,2024/10/01,15:30,5廳 76席
變形金剛：源起,八德廣豐國賓影城,2024/10/01,11:00,3廳 203席
變形金剛：源起,八德廣豐國賓影城,2024/10/01,13:00,3廳 203席
變形金剛：源起,八德廣豐國賓影城,2024/10/01,17:00,3廳 203席
變形金剛：源起,八德廣豐國賓影城,2024/10/01,15:00,3廳 203席
變形金剛：源起,八德廣豐國賓影城,2024/10/01,19:00,3廳 203席
變形金剛：源起,八德廣豐國賓影城,2024/10/01,21:00,3廳 203席
變形金剛：源起,台南國賓影城,2024/10/01,11:10,E廳 202席
變形金剛：源起,台南國賓影城,2024/10/01,13:10,E廳 202席
變形金剛：源起,台南國賓影城,2024/10/01,15:10,E廳 202席
變形金剛：源起,台南國賓影城,2024/10/01,17:10,E廳 202席
變形金剛：源起,台南國賓影城,2024/10/01,19:00,3廳 138席
變形金剛：源起,高雄草衙道國賓影城,2024/10/01,17:30,10廳 203席
變形金剛：源起,高雄草衙道國賓影城,2024/10/01,13:30,10廳 203席
變形金剛：源起,高雄草衙道國賓影城,2024/10/01,15:30,10廳 203席
變形金剛：源起,高雄草衙道國賓影城,2024/10/01,19:30,10廳 203席
變形金剛：源起,高雄義大國賓影城,2024/10/01,17:30,1廳 144席
變形金剛：源起,高雄義大國賓影城,2024/10/01,13:30,1廳 144席
變形金剛：源起,高雄義大國賓影城,2024/10/01,15:30,1廳 144席
變形金剛：源起,高雄義大國賓影城,2024/10/01,19:30,1廳 144席
變形金剛：源起,高雄義大國賓影城,2024/10/01,21:30,1廳 144席
變形金剛：源起,屏東環球國賓影城,2024/10/01,12:40,1廳 208席
變形金剛：源起,屏東環球國賓影城,2024/10/01,16:40,1廳 208席
變形金剛：源起,屏東環球國賓影城,2024/10/01,10:40,1廳 208席
變形金剛：源起,屏東環球國賓影城,2024/10/01,14:40,1廳 208席
變形金剛：源起,屏東環球國賓影城,2024/10/01,18:40,1廳 208席
變形金剛：源起,金門昇恆昌國賓影城,2024/10/01,17:20,6廳 106席
變形金剛：源起,林口昕境國賓影城,2024/10/02,13:50,3廳 105席
變形金剛：源起,林口昕境國賓影城,2024/10/02,15:50,3廳 105席
變形金剛：源起,林口昕境國賓影城,2024/10/02,19:50,3廳 105席
變形金剛：源起,國賓大戲院,2024/10/02,10:40,3廳 102席
變形金剛：源起,淡水禮萊國賓影城,2024/10/02,13:50,4廳 94席
變形金剛：源起,淡水禮萊國賓影城,2024/10/02,15:50,4廳 94席
變形金剛：源起,淡水禮萊國賓影城,2024/10/02,19:50,4廳 94席
變形金剛：源起,高雄義大國賓影城,2024/10/02,15:30,1廳 144席
變形金剛：源起,高雄義大國賓影城,2024/10/02,13:30,1廳 144席
變形金剛：源起,高雄義大國賓影城,2024/10/02,17:30,1廳 144席
變形金剛：源起,林口昕境國賓影城,2024/10/03,13:50,3廳 105席
變形金剛：源起,林口昕境國賓影城,2024/10/03,15:50,3廳 105席
變形金剛：源起,林口昕境國賓影城,2024/10/03,19:50,3廳 105席
變形金剛：源起,國賓大戲院,2024/10/03,10:40,3廳 102席
變形金剛：源起,淡水禮萊國賓影城,2024/10/03,13:50,4廳 94席
變形金剛：源起,淡水禮萊國賓影城,2024/10/03,15:50,4廳 94席
變形金剛：源起,淡水禮萊國賓影城,2024/10/03,19:50,4廳 94席
變形金剛：源起,高雄義大國賓影城,2024/10/03,15:30,1廳 144席
變形金剛：源起,高雄義大國賓影城,2024/10/03,13:30,1廳 144席
變形金剛：源起,高雄義大國賓影城,2024/10/03,17:30,1廳 144席
邪惡勿語,台北長春國賓影城,2024/09/30,17:05,3廳 41席
邪惡勿語,台北長春國賓影城,2024/09/30,21:40,3廳 41席
邪惡勿語,林口昕境國賓影城,2024/09/30,16:50,1廳 86席
邪惡勿語,林口昕境國賓影城,2024/09/30,21:05,1廳 86席
邪惡勿語,國賓大戲院,2024/09/30,21:00,2廳 97席
邪惡勿語,淡水禮萊國賓影城,2024/09/30,16:50,5廳 82席
邪惡勿語,淡水禮萊國賓影城,2024/09/30,21:35,5廳 82席
邪惡勿語,新莊晶冠國賓影城,2024/09/30,17:40,1廳 58席
邪惡勿語,新莊晶冠國賓影城,2024/09/30,21:45,1廳 58席
邪惡勿語,八德廣豐國賓影城,2024/09/30,15:30,6廳 185席
邪惡勿語,八德廣豐國賓影城,2024/09/30,20:00,6廳 185席
邪惡勿語,台南國賓影城,2024/09/30,13:10,1廳 30席
邪惡勿語,台南國賓影城,2024/09/30,19:20,1廳 30席
邪惡勿語,高雄草衙道國賓影城,2024/09/30,14:10,2廳 187席
邪惡勿語,高雄草衙道國賓影城,2024/09/30,21:05,8廳 149席
邪惡勿語,高雄義大國賓影城,2024/09/30,14:10,A廳 33席
邪惡勿語,高雄義大國賓影城,2024/09/30,21:25,B廳 35席
邪惡勿語,屏東環球國賓影城,2024/09/30,21:20,5廳 181席
邪惡勿語,金門昇恆昌國賓影城,2024/09/30,18:10,1廳 91席
邪惡勿語,台北長春國賓影城,2024/10/01,17:25,3廳 41席
邪惡勿語,台北長春國賓影城,2024/10/01,21:40,3廳 41席
邪惡勿語,林口昕境國賓影城,2024/10/01,16:50,1廳 86席
邪惡勿語,林口昕境國賓影城,2024/10/01,21:05,1廳 86席
邪惡勿語,淡水禮萊國賓影城,2024/10/01,16:50,5廳 82席
邪惡勿語,淡水禮萊國賓影城,2024/10/01,21:35,5廳 82席
邪惡勿語,新莊晶冠國賓影城,2024/10/01,17:40,1廳 58席
邪惡勿語,新莊晶冠國賓影城,2024/10/01,21:45,1廳 58席
邪惡勿語,八德廣豐國賓影城,2024/10/01,15:30,6廳 185席
邪惡勿語,八德廣豐國賓影城,2024/10/01,20:00,6廳 185席
邪惡勿語,台南國賓影城,2024/10/01,13:10,1廳 30席
邪惡勿語,台南國賓影城,2024/10/01,19:20,1廳 30席
邪惡勿語,高雄草衙道國賓影城,2024/10/01,14:10,2廳 187席
邪惡勿語,高雄草衙道國賓影城,2024/10/01,21:25,8廳 149席
邪惡勿語,高雄義大國賓影城,2024/10/01,14:10,A廳 33席
邪惡勿語,高雄義大國賓影城,2024/10/01,21:25,B廳 35席
邪惡勿語,屏東環球國賓影城,2024/10/01,21:20,5廳 181席
邪惡勿語,金門昇恆昌國賓影城,2024/10/01,18:10,1廳 91席
邪惡勿語,台北長春國賓影城,2024/10/02,21:00,3廳 41席
邪惡勿語,林口昕境國賓影城,2024/10/02,15:35,1廳 86席
邪惡勿語,林口昕境國賓影城,2024/10/02,22:20,1廳 86席
邪惡勿語,新莊晶冠國賓影城,2024/10/02,15:35,5廳 82席
邪惡勿語,新莊晶冠國賓影城,2024/10/02,22:20,5廳 82席
邪惡勿語,八德廣豐國賓影城,2024/10/02,17:40,1廳 58席
邪惡勿語,八德廣豐國賓影城,2024/10/02,21:50,1廳 58席
邪惡勿語,台南國賓影城,2024/10/02,16:50,6廳 185席
邪惡勿語,高雄草衙道國賓影城,2024/10/02,13:10,1廳 30席
邪惡勿語,高雄草衙道國賓影城,2024/10/02,19:20,1廳 30席
邪惡勿語,高雄義大國賓影城,2024/10/02,21:45,8廳 149席
邪惡勿語,屏東環球國賓影城,2024/10/02,21:45,B廳 35席
邪惡勿語,台北長春國賓影城,2024/10/03,21:00,3廳 41席
邪惡勿語,林口昕境國賓影城,2024/10/03,15:35,1廳 86席
邪惡勿語,林口昕境國賓影城,2024/10/03,22:20,1廳 86席
邪惡勿語,新莊晶冠國賓影城,2024/10/03,15:35,5廳 82席
邪惡勿語,新莊晶冠國賓影城,2024/10/03,22:20,5廳 82席
邪惡勿語,八德廣豐國賓影城,2024/10/03,17:40,1廳 58席
邪惡勿語,八德廣豐國賓影城,2024/10/03,21:50,1廳 58席
邪惡勿語,台南國賓影城,2024/10/03,16:50,6廳 185席
邪惡勿語,高雄草衙道國賓影城,2024/10/03,13:10,1廳 30席
邪惡勿語,高雄草衙道國賓影城,2024/10/03,19:20,1廳 30席
邪惡勿語,高雄義大國賓影城,2024/10/03,21:45,8廳 149席
邪惡勿語,屏東環球國賓影城,2024/10/03,21:45,B廳 35席
你的名字。,台北長春國賓影城,2024/09/30,16:20,2廳 49席
你的名字。,林口昕境國賓影城,2024/09/30,17:45,4廳 104席
你的名字。,淡水禮萊國賓影城,2024/09/30,17:45,7廳 106席
你的名字。,新莊晶冠國賓影城,2024/09/30,13:40,1廳 58席
你的名字。,八德廣豐國賓影城,2024/09/30,17:25,1廳 205席
你的名字。,台南國賓影城,2024/09/30,13:40,2廳 27席
你的名字。,台南國賓影城,2024/09/30,17:40,2廳 27席
你的名字。,高雄草衙道國賓影城,2024/09/30,17:40,6廳 187席
你的名字。,高雄義大國賓影城,2024/09/30,17:40,3廳 207席
你的名字。,屏東環球國賓影城,2024/09/30,13:10,2廳 181席
你的名字。,屏東環球國賓影城,2024/09/30,17:40,2廳 181席
你的名字。,金門昇恆昌國賓影城,2024/09/30,20:15,1廳 91席
你的名字。,台北長春國賓影城,2024/10/01,16:20,2廳 49席
你的名字。,林口昕境國賓影城,2024/10/01,17:45,4廳 104席
你的名字。,淡水禮萊國賓影城,2024/10/01,17:45,7廳 106席
你的名字。,新莊晶冠國賓影城,2024/10/01,13:40,1廳 58席
你的名字。,八德廣豐國賓影城,2024/10/01,17:25,1廳 205席
你的名字。,台南國賓影城,2024/10/01,13:40,2廳 27席
你的名字。,台南國賓影城,2024/10/01,17:40,2廳 27席
你的名字。,高雄草衙道國賓影城,2024/10/01,17:40,6廳 187席
你的名字。,高雄義大國賓影城,2024/10/01,17:40,3廳 207席
你的名字。,屏東環球國賓影城,2024/10/01,13:10,2廳 181席
你的名字。,屏東環球國賓影城,2024/10/01,17:40,2廳 181席
你的名字。,金門昇恆昌國賓影城,2024/10/01,20:15,1廳 91席
你的名字。,台北長春國賓影城,2024/10/02,11:00,2廳 49席
你的名字。,新莊晶冠國賓影城,2024/10/02,13:40,1廳 58席
你的名字。,高雄草衙道國賓影城,2024/10/02,18:00,6廳 187席
你的名字。,高雄義大國賓影城,2024/10/02,18:00,3廳 207席
你的名字。,金門昇恆昌國賓影城,2024/10/02,19:30,1廳 91席
你的名字。,台北長春國賓影城,2024/10/03,11:00,2廳 49席
你的名字。,新莊晶冠國賓影城,2024/10/03,13:40,1廳 58席
你的名字。,高雄草衙道國賓影城,2024/10/03,18:00,6廳 187席
你的名字。,高雄義大國賓影城,2024/10/03,18:00,3廳 207席
你的名字。,金門昇恆昌國賓影城,2024/10/03,19:30,1廳 91席
流浪吉普賽,台北長春國賓影城,2024/09/30,17:10,10廳 34席
流浪吉普賽,台北長春國賓影城,2024/10/01,17:10,10廳 34席
流浪吉普賽,台北長春國賓影城,2024/10/02,17:10,10廳 34席
流浪吉普賽,台北長春國賓影城,2024/10/03,17:10,10廳 34席
湄公河水鬼,台北長春國賓影城,2024/09/30,22:30,2廳 49席
湄公河水鬼,淡水禮萊國賓影城,2024/09/30,21:50,7廳 106席
湄公河水鬼,新莊晶冠國賓影城,2024/09/30,21:30,7廳 58席
湄公河水鬼,台南國賓影城,2024/09/30,15:15,1廳 30席
湄公河水鬼,台南國賓影城,2024/09/30,21:30,1廳 30席
湄公河水鬼,高雄草衙道國賓影城,2024/09/30,22:15,4廳 187席
湄公河水鬼,台北長春國賓影城,2024/10/01,22:30,2廳 49席
湄公河水鬼,淡水禮萊國賓影城,2024/10/01,21:50,7廳 106席
湄公河水鬼,新莊晶冠國賓影城,2024/10/01,21:30,7廳 58席
湄公河水鬼,台南國賓影城,2024/10/01,15:15,1廳 30席
湄公河水鬼,台南國賓影城,2024/10/01,21:30,1廳 30席
湄公河水鬼,高雄草衙道國賓影城,2024/10/01,22:15,4廳 187席
湄公河水鬼,新莊晶冠國賓影城,2024/10/02,21:40,7廳 58席
湄公河水鬼,台南國賓影城,2024/10/02,15:15,1廳 30席
湄公河水鬼,台南國賓影城,2024/10/02,21:30,1廳 30席
湄公河水鬼,高雄草衙道國賓影城,2024/10/02,22:20,4廳 187席
湄公河水鬼,新莊晶冠國賓影城,2024/10/03,21:40,7廳 58席
湄公河水鬼,台南國賓影城,2024/10/03,15:15,1廳 30席
湄公河水鬼,台南國賓影城,2024/10/03,21:30,1廳 30席
湄公河水鬼,高雄草衙道國賓影城,2024/10/03,22:20,4廳 187席
陰間大法師.,台北長春國賓影城,2024/09/30,22:40,13廳 36席
陰間大法師.,國賓大戲院,2024/09/30,13:00,3廳 102席
陰間大法師.,新莊晶冠國賓影城,2024/09/30,12:00,B廳 31席
陰間大法師.,台南國賓影城,2024/09/30,15:40,2廳 27席
陰間大法師.,台北長春國賓影城,2024/10/01,22:40,13廳 36席
陰間大法師.,國賓大戲院,2024/10/01,13:00,3廳 102席
陰間大法師.,新莊晶冠國賓影城,2024/10/01,12:00,B廳 31席
陰間大法師.,台南國賓影城,2024/10/01,15:40,2廳 27席
到我們為止,台北長春國賓影城,2024/09/30,20:15,13廳 36席
到我們為止,台北長春國賓影城,2024/10/01,20:15,13廳 36席
到我們為止,台北長春國賓影城,2024/10/02,20:15,13廳 36席
到我們為止,台北長春國賓影城,2024/10/03,20:15,13廳 36席
詭異之家,台北長春國賓影城,2024/09/30,17:40,6廳 36席
詭異之家,台北長春國賓影城,2024/10/01,17:40,6廳 36席
詭異之家,台北長春國賓影城,2024/10/03,17:40,6廳 36席
跳越時空的愛戀,台北長春國賓影城,2024/09/30,21:50,6廳 36席
跳越時空的愛戀,台北長春國賓影城,2024/10/01,21:50,6廳 36席
跳越時空的愛戀,台北長春國賓影城,2024/10/03,21:50,6廳 36席
變身機長,台北長春國賓影城,2024/09/30,20:25,2廳 49席
變身機長,台北長春國賓影城,2024/10/01,20:25,2廳 49席
電影蠟筆小新：我們的恐龍日記,台北長春國賓影城,2024/09/30,11:10,6廳 36席
電影蠟筆小新：我們的恐龍日記,淡水禮萊國賓影城,2024/09/30,13:40,7廳 106席
電影蠟筆小新：我們的恐龍日記,新莊晶冠國賓影城,2024/09/30,13:15,7廳 58席
電影蠟筆小新：我們的恐龍日記,八德廣豐國賓影城,2024/09/30,16:40,4廳 205席
電影蠟筆小新：我們的恐龍日記,高雄草衙道國賓影城,2024/09/30,15:40,6廳 187席
電影蠟筆小新：我們的恐龍日記,高雄義大國賓影城,2024/09/30,13:40,3廳 207席
電影蠟筆小新：我們的恐龍日記,屏東環球國賓影城,2024/09/30,13:00,5廳 181席
電影蠟筆小新：我們的恐龍日記,金門昇恆昌國賓影城,2024/09/30,14:10,1廳 91席
電影蠟筆小新：我們的恐龍日記,台北長春國賓影城,2024/10/01,11:10,6廳 36席
電影蠟筆小新：我們的恐龍日記,淡水禮萊國賓影城,2024/10/01,13:40,7廳 106席
電影蠟筆小新：我們的恐龍日記,新莊晶冠國賓影城,2024/10/01,13:15,7廳 58席
電影蠟筆小新：我們的恐龍日記,八德廣豐國賓影城,2024/10/01,16:40,4廳 205席
電影蠟筆小新：我們的恐龍日記,高雄草衙道國賓影城,2024/10/01,15:40,6廳 187席
電影蠟筆小新：我們的恐龍日記,高雄義大國賓影城,2024/10/01,13:40,3廳 207席
電影蠟筆小新：我們的恐龍日記,屏東環球國賓影城,2024/10/01,13:00,5廳 181席
電影蠟筆小新：我們的恐龍日記,金門昇恆昌國賓影城,2024/10/01,14:10,1廳 91席
電影蠟筆小新：我們的恐龍日記,台北長春國賓影城,2024/10/02,11:10,6廳 36席
電影蠟筆小新：我們的恐龍日記,新莊晶冠國賓影城,2024/10/02,13:25,7廳 58席
電影蠟筆小新：我們的恐龍日記,高雄草衙道國賓影城,2024/10/02,14:00,6廳 187席
電影蠟筆小新：我們的恐龍日記,高雄義大國賓影城,2024/10/02,14:00,3廳 207席
電影蠟筆小新：我們的恐龍日記,金門昇恆昌國賓影城,2024/10/02,15:30,1廳 91席
電影蠟筆小新：我們的恐龍日記,台北長春國賓影城,2024/10/03,11:10,6廳 36席
電影蠟筆小新：我們的恐龍日記,新莊晶冠國賓影城,2024/10/03,13:25,7廳 58席
電影蠟筆小新：我們的恐龍日記,高雄草衙道國賓影城,2024/10/03,14:00,6廳 187席
電影蠟筆小新：我們的恐龍日記,高雄義大國賓影城,2024/10/03,14:00,3廳 207席
電影蠟筆小新：我們的恐龍日記,金門昇恆昌國賓影城,2024/10/03,15:30,1廳 91席
角頭-大橋頭,台北長春國賓影城,2024/09/30,17:35,7廳 44席
角頭-大橋頭,林口昕境國賓影城,2024/09/30,21:50,4廳 104席
角頭-大橋頭,國賓大戲院,2024/09/30,15:00,3廳 102席
角頭-大橋頭,國賓大戲院,2024/09/30,19:30,3廳 102席
角頭-大橋頭,新莊晶冠國賓影城,2024/09/30,15:05,11廳 75席
角頭-大橋頭,新莊晶冠國賓影城,2024/09/30,22:10,11廳 75席
角頭-大橋頭,八德廣豐國賓影城,2024/09/30,13:05,6廳 185席
角頭-大橋頭,八德廣豐國賓影城,2024/09/30,17:35,6廳 185席
角頭-大橋頭,八德廣豐國賓影城,2024/09/30,22:10,6廳 185席
角頭-大橋頭,台南國賓影城,2024/09/30,16:05,7廳 107席
角頭-大橋頭,台南國賓影城,2024/09/30,20:30,7廳 107席
角頭-大橋頭,高雄草衙道國賓影城,2024/09/30,16:15,5廳 187席
角頭-大橋頭,高雄草衙道國賓影城,2024/09/30,22:30,5廳 187席
角頭-大橋頭,高雄義大國賓影城,2024/09/30,16:15,4廳 157席
角頭-大橋頭,高雄義大國賓影城,2024/09/30,22:15,7廳 186席
角頭-大橋頭,屏東環球國賓影城,2024/09/30,15:10,2廳 181席
角頭-大橋頭,屏東環球國賓影城,2024/09/30,19:40,2廳 181席
角頭-大橋頭,金門昇恆昌國賓影城,2024/09/30,15:50,3廳 91席
角頭-大橋頭,台北長春國賓影城,2024/10/01,17:35,7廳 44席
角頭-大橋頭,林口昕境國賓影城,2024/10/01,21:50,4廳 104席
角頭-大橋頭,國賓大戲院,2024/10/01,15:00,3廳 102席
角頭-大橋頭,國賓大戲院,2024/10/01,19:30,3廳 102席
角頭-大橋頭,新莊晶冠國賓影城,2024/10/01,15:05,11廳 75席
角頭-大橋頭,新莊晶冠國賓影城,2024/10/01,22:10,11廳 75席
角頭-大橋頭,八德廣豐國賓影城,2024/10/01,13:05,6廳 185席
角頭-大橋頭,八德廣豐國賓影城,2024/10/01,17:35,6廳 185席
角頭-大橋頭,八德廣豐國賓影城,2024/10/01,22:10,6廳 185席
角頭-大橋頭,台南國賓影城,2024/10/01,16:05,7廳 107席
角頭-大橋頭,台南國賓影城,2024/10/01,20:30,7廳 107席
角頭-大橋頭,高雄草衙道國賓影城,2024/10/01,16:15,5廳 187席
角頭-大橋頭,高雄草衙道國賓影城,2024/10/01,22:30,5廳 187席
角頭-大橋頭,高雄義大國賓影城,2024/10/01,16:15,4廳 157席
角頭-大橋頭,高雄義大國賓影城,2024/10/01,22:15,7廳 186席
角頭-大橋頭,屏東環球國賓影城,2024/10/01,15:10,2廳 181席
角頭-大橋頭,屏東環球國賓影城,2024/10/01,19:40,2廳 181席
角頭-大橋頭,金門昇恆昌國賓影城,2024/10/01,15:50,3廳 91席
角頭-大橋頭,台北長春國賓影城,2024/10/02,17:35,7廳 44席
角頭-大橋頭,台南國賓影城,2024/10/02,20:40,7廳 107席
角頭-大橋頭,高雄草衙道國賓影城,2024/10/02,16:15,5廳 187席
角頭-大橋頭,高雄草衙道國賓影城,2024/10/02,22:30,5廳 187席
角頭-大橋頭,高雄義大國賓影城,2024/10/02,16:15,4廳 157席
角頭-大橋頭,高雄義大國賓影城,2024/10/02,22:30,4廳 157席
角頭-大橋頭,金門昇恆昌國賓影城,2024/10/02,16:15,3廳 91席
角頭-大橋頭,台北長春國賓影城,2024/10/03,17:35,7廳 44席
角頭-大橋頭,台南國賓影城,2024/10/03,20:40,7廳 107席
角頭-大橋頭,高雄草衙道國賓影城,2024/10/03,16:15,5廳 187席
角頭-大橋頭,高雄草衙道國賓影城,2024/10/03,22:30,5廳 187席
角頭-大橋頭,高雄義大國賓影城,2024/10/03,16:15,4廳 157席
角頭-大橋頭,高雄義大國賓影城,2024/10/03,22:30,4廳 157席
角頭-大橋頭,金門昇恆昌國賓影城,2024/10/03,16:15,3廳 91席
異形：羅穆路斯,台北長春國賓影城,2024/09/30,13:15,7廳 44席
異形：羅穆路斯,國賓大戲院,2024/09/30,10:40,3廳 102席
異形：羅穆路斯,八德廣豐國賓影城,2024/09/30,21:30,1廳 205席
異形：羅穆路斯,台南國賓影城,2024/09/30,17:05,1廳 30席
異形：羅穆路斯,屏東環球國賓影城,2024/09/30,22:10,2廳 181席
異形：羅穆路斯,台北長春國賓影城,2024/10/01,13:15,7廳 44席
異形：羅穆路斯,國賓大戲院,2024/10/01,10:40,3廳 102席
異形：羅穆路斯,八德廣豐國賓影城,2024/10/01,21:30,1廳 205席
異形：羅穆路斯,台南國賓影城,2024/10/01,17:05,1廳 30席
異形：羅穆路斯,屏東環球國賓影城,2024/10/01,22:10,2廳 181席
異形：羅穆路斯,台北長春國賓影城,2024/10/02,13:15,7廳 44席
異形：羅穆路斯,台南國賓影城,2024/10/02,15:10,1廳 205席
異形：羅穆路斯,台北長春國賓影城,2024/10/03,13:15,7廳 44席
異形：羅穆路斯,台南國賓影城,2024/10/03,15:10,1廳 205席
鬼才之道,台北長春國賓影城,2024/09/30,14:15,2廳 49席
鬼才之道,台北長春國賓影城,2024/09/30,18:20,2廳 49席
鬼才之道,台北長春國賓影城,2024/10/01,14:15,2廳 49席
鬼才之道,台北長春國賓影城,2024/10/01,18:20,2廳 49席
驀然回首,台北長春國賓影城,2024/09/30,13:00,2廳 49席
驀然回首,台北長春國賓影城,2024/10/01,13:00,2廳 49席
死侍與金鋼狼,台北長春國賓影城,2024/09/30,13:10,6廳 36席
死侍與金鋼狼,台北長春國賓影城,2024/10/01,13:10,6廳 36席
死侍與金鋼狼,台北長春國賓影城,2024/10/02,13:10,6廳 36席
死侍與金鋼狼,台北長春國賓影城,2024/10/03,13:10,6廳 36席
劇場版 排球少年！！垃圾場的決戰,台北長春國賓影城,2024/09/30,11:20,2廳 49席
劇場版 排球少年！！垃圾場的決戰,台北長春國賓影城,2024/10/01,11:20,2廳 49席
再見機器人,台北長春國賓影城,2024/09/30,15:15,10廳 34席
再見機器人,台北長春國賓影城,2024/10/01,15:15,10廳 34席
再見機器人,台北長春國賓影城,2024/10/02,15:15,10廳 34席
再見機器人,台北長春國賓影城,2024/10/03,15:15,10廳 34席
破浪男女,台北長春國賓影城,2024/09/30,22:00,10廳 34席
破浪男女,台北長春國賓影城,2024/10/01,22:00,10廳 34席
破浪男女,台北長春國賓影城,2024/10/02,22:00,10廳 34席
破浪男女,台北長春國賓影城,2024/10/03,22:00,10廳 34席
